{"type":"FeatureCollection","features":[{"type":"Feature","geometry":{"type":"Point","coordinates":[139.76772,35.68909]},"properties":{"name":"千代田合同庁舎（水道局千代田営業所）","address":"千代田区内神田２－１－１２","location":"２階","admissionFeeNote":null,"type":"ボトルディスペンサー型","sourceId":"tokyowater-drinking-stations"}},{"type":"Feature","geometry":{"type":"Point","coordinates":[139.75482,35.67051]},"properties":{"name":"内幸町駅（都営三田線）","address":"千代田区内幸町２－２－３先","location":"ホーム","admissionFeeNote":"有料","type":"飲み口型","sourceId":"tokyowater-drinking-stations"}},{"type":"Feature","geometry":{"type":"Point","coordinates":[139.77496,35.69606]},"properties":{"name":"岩本町駅（都営新宿線）","address":"千代田区神田岩本町１","location":"ホーム","admissionFeeNote":"有料","type":"飲み口型","sourceId":"tokyowater-drinking-stations"}},{"type":"Feature","geometry":{"type":"Point","coordinates":[139.76611,35.69514]},"properties":{"name":"小川町駅（都営新宿線）","address":"千代田区神田小川町１－６","location":"ホーム","admissionFeeNote":"有料","type":"飲み口型","sourceId":"tokyowater-drinking-stations"}},{"type":"Feature","geometry":{"type":"Point","coordinates":[139.75789,35.69561]},"properties":{"name":"神保町駅（都営三田線）","address":"千代田区神田神保町２－１","location":"ホーム","admissionFeeNote":"有料","type":"飲み口型","sourceId":"tokyowater-drinking-stations"}},{"type":"Feature","geometry":{"type":"Point","coordinates":[139.7558,35.6957]},"properties":{"name":"神保町駅（都営新宿線）","address":"千代田区神田神保町２－７","location":"ホーム","admissionFeeNote":"有料","type":"飲み口型","sourceId":"tokyowater-drinking-stations"}},{"type":"Feature","geometry":{"type":"Point","coordinates":[139.75354,35.69395]},"properties":{"name":"千代田区役所本庁舎","address":"千代田区九段南１－２－１","location":"２～８・１０階","admissionFeeNote":null,"type":"飲み口型","sourceId":"tokyowater-drinking-stations"}},{"type":"Feature","geometry":{"type":"Point","coordinates":[139.73755,35.69086]},"properties":{"name":"市ヶ谷駅（都営新宿線）","address":"千代田区九段南４－８－２２","location":"ホーム","admissionFeeNote":"有料","type":"飲み口型","sourceId":"tokyowater-drinking-stations"}},{"type":"Feature","geometry":{"type":"Point","coordinates":[139.76355,35.6843]},"properties":{"name":"大手町駅（都営三田線）","address":"千代田区丸の内１－３－１先","location":"ホーム","admissionFeeNote":"有料","type":"飲み口型","sourceId":"tokyowater-drinking-stations"}},{"type":"Feature","geometry":{"type":"Point","coordinates":[139.76387,35.67685]},"properties":{"name":"東京国際フォーラム","address":"千代田区丸の内３－５－１","location":"地上広場","admissionFeeNote":null,"type":"ボトルディスペンサー型","sourceId":"tokyowater-drinking-stations"}},{"type":"Feature","geometry":{"type":"Point","coordinates":[139.76076,35.67584]},"properties":{"name":"日比谷駅（都営三田線）","address":"千代田区有楽町１－１３－１先","location":"ホーム","admissionFeeNote":"有料","type":"飲み口型","sourceId":"tokyowater-drinking-stations"}},{"type":"Feature","geometry":{"type":"Point","coordinates":[139.77753,35.65879]},"properties":{"name":"勝どき駅（都営大江戸線）","address":"中央区勝どき２－１０－１５先","location":"ホーム","admissionFeeNote":"有料","type":"飲み口型","sourceId":"tokyowater-drinking-stations"}},{"type":"Feature","geometry":{"type":"Point","coordinates":[139.77243,35.67563]},"properties":{"name":"宝町駅（都営浅草線）","address":"中央区京橋２－１３－１１先","location":"ホーム","admissionFeeNote":"有料","type":"飲み口型","sourceId":"tokyowater-drinking-stations"}},{"type":"Feature","geometry":{"type":"Point","coordinates":[139.76729,35.67026]},"properties":{"name":"東銀座駅（都営浅草線）","address":"中央区銀座４－１０－１０先","location":"ホーム","admissionFeeNote":"有料","type":"飲み口型","sourceId":"tokyowater-drinking-stations"}},{"type":"Feature","geometry":{"type":"Point","coordinates":[139.76682,35.6655]},"properties":{"name":"築地市場駅（都営大江戸線）","address":"中央区築地５－１－２","location":"ホーム","admissionFeeNote":"有料","type":"飲み口型","sourceId":"tokyowater-drinking-stations"}},{"type":"Feature","geometry":{"type":"Point","coordinates":[139.78331,35.66376]},"properties":{"name":"月島駅（都営大江戸線）","address":"中央区月島１－５－４先","location":"ホーム","admissionFeeNote":"有料","type":"飲み口型","sourceId":"tokyowater-drinking-stations"}},{"type":"Feature","geometry":{"type":"Point","coordinates":[139.77559,35.68212]},"properties":{"name":"日本橋駅（都営浅草線）","address":"中央区日本橋１－１３－１先","location":"ホーム","admissionFeeNote":"有料","type":"飲み口型","sourceId":"tokyowater-drinking-stations"}},{"type":"Feature","geometry":{"type":"Point","coordinates":[139.78159,35.68666]},"properties":{"name":"人形町駅（都営浅草線）","address":"中央区日本橋人形町３－７－１３","location":"ホーム","admissionFeeNote":"有料","type":"飲み口型","sourceId":"tokyowater-drinking-stations"}},{"type":"Feature","geometry":{"type":"Point","coordinates":[139.78883,35.68722]},"properties":{"name":"浜町駅（都営新宿線）","address":"中央区日本橋浜町２－５９－３","location":"ホーム","admissionFeeNote":"有料","type":"飲み口型","sourceId":"tokyowater-drinking-stations"}},{"type":"Feature","geometry":{"type":"Point","coordinates":[139.78232,35.69177]},"properties":{"name":"馬喰横山駅（都営新宿線）","address":"中央区日本橋横山町４－１３","location":"ホーム","admissionFeeNote":"有料","type":"飲み口型","sourceId":"tokyowater-drinking-stations"}},{"type":"Feature","geometry":{"type":"Point","coordinates":[139.78448,35.69218]},"properties":{"name":"東日本橋駅（都営浅草線）","address":"中央区東日本橋３－１１－８先","location":"ホーム","admissionFeeNote":"有料","type":"飲み口型","sourceId":"tokyowater-drinking-stations"}},{"type":"Feature","geometry":{"type":"Point","coordinates":[139.76854,35.66605]},"properties":{"name":"築地社会教育会館","address":"築地4丁目15番1号","location":"２階廊下","admissionFeeNote":null,"type":"飲み口型","sourceId":"tokyowater-drinking-stations"}},{"type":"Feature","geometry":{"type":"Point","coordinates":[139.78142,35.68461]},"properties":{"name":"日本橋社会教育会館","address":"中央区日本橋人形町1丁目1番17号　日本橋小学校等複合施設　地下2階","location":"８階ホールロビー","admissionFeeNote":null,"type":"飲み口型","sourceId":"tokyowater-drinking-stations"}},{"type":"Feature","geometry":{"type":"Point","coordinates":[139.78218,35.66207]},"properties":{"name":"月島社会教育会館","address":"中央区月島4丁目1番1号　月島区民センター　4・5階","location":"４階給湯室","admissionFeeNote":null,"type":"飲み口型","sourceId":"tokyowater-drinking-stations"}},{"type":"Feature","geometry":{"type":"Point","coordinates":[139.78584,35.65868]},"properties":{"name":"月島社会教育会館晴海分館\n「アートはるみ」","address":"中央区晴海1丁目4番1号　月島第三小学校等複合施設地下１階","location":"B1階ロビー","admissionFeeNote":null,"type":"ボトルディスペンサー型・飲み口型","sourceId":"tokyowater-drinking-stations"}},{"type":"Feature","geometry":{"type":"Point","coordinates":[139.7756,35.65213]},"properties":{"name":"晴海地域交流センター「はるみらい」","address":"中央区晴海5-2-3","location":"1階・4階","admissionFeeNote":null,"type":"飲み口型","sourceId":"tokyowater-drinking-stations"}},{"type":"Feature","geometry":{"type":"Point","coordinates":[139.725228,35.671665]},"properties":{"name":"赤坂図書館","address":"港区青山１－３－３青山１丁目タワー３階","location":"多目的ホール入り口前・消火栓横","admissionFeeNote":null,"type":"飲み口型","sourceId":"tokyowater-drinking-stations"}},{"type":"Feature","geometry":{"type":"Point","coordinates":[139.73221,35.66602]},"properties":{"name":"六本木駅（都営大江戸線）","address":"港区赤坂９－７－３９","location":"ホーム","admissionFeeNote":"有料","type":"飲み口型","sourceId":"tokyowater-drinking-stations"}},{"type":"Feature","geometry":{"type":"Point","coordinates":[139.73485,35.65704]},"properties":{"name":"麻布十番駅（都営大江戸線）","address":"港区麻布十番１－４－６","location":"ホーム","admissionFeeNote":"有料","type":"飲み口型","sourceId":"tokyowater-drinking-stations"}},{"type":"Feature","geometry":{"type":"Point","coordinates":[139.72321,35.67305]},"properties":{"name":"青山一丁目駅（都営大江戸線）","address":"港区北青山１－２－４","location":"ホーム","admissionFeeNote":"有料","type":"飲み口型","sourceId":"tokyowater-drinking-stations"}},{"type":"Feature","geometry":{"type":"Point","coordinates":[139.74632,35.63432]},"properties":{"name":"芝浦中央公園運動場","address":"港区港南１－４－１","location":null,"admissionFeeNote":null,"type":"飲み口型","sourceId":"tokyowater-drinking-stations"}},{"type":"Feature","geometry":{"type":"Point","coordinates":[139.74942,35.63351]},"properties":{"name":"港南図書館","address":"港区港南３－３－１７","location":"２・３階","admissionFeeNote":null,"type":"飲み口型","sourceId":"tokyowater-drinking-stations"}},{"type":"Feature","geometry":{"type":"Point","coordinates":[139.74849,35.64806]},"properties":{"name":"三田駅（都営三田線）","address":"港区芝５－１８－８","location":"ホーム","admissionFeeNote":"有料","type":"飲み口型","sourceId":"tokyowater-drinking-stations"}},{"type":"Feature","geometry":{"type":"Point","coordinates":[139.745,35.64705]},"properties":{"name":"三田図書館\n（郷土資料館）","address":"港区芝５－２８－４","location":"１・２・３階","admissionFeeNote":null,"type":"飲み口型","sourceId":"tokyowater-drinking-stations"}},{"type":"Feature","geometry":{"type":"Point","coordinates":[139.7467,35.64587]},"properties":{"name":"三田駅（都営浅草線）","address":"港区芝５－３４－１０","location":"ホーム","admissionFeeNote":"有料","type":"飲み口型","sourceId":"tokyowater-drinking-stations"}},{"type":"Feature","geometry":{"type":"Point","coordinates":[139.74849,35.64806]},"properties":{"name":"港勤労福祉会館","address":"港区芝５ー１８ー２","location":"１・２階冷水器","admissionFeeNote":null,"type":"飲み口型","sourceId":"tokyowater-drinking-stations"}},{"type":"Feature","geometry":{"type":"Point","coordinates":[139.75166,35.6462]},"properties":{"name":"港区スポーツセンター","address":"港区芝浦１－１６－１みなとパーク芝浦内","location":"３・４・５・８階","admissionFeeNote":null,"type":"飲み口型","sourceId":"tokyowater-drinking-stations"}},{"type":"Feature","geometry":{"type":"Point","coordinates":[139.74997,35.66101]},"properties":{"name":"みなと図書館","address":"港区芝公園３－２－２５","location":"地下１階","admissionFeeNote":null,"type":"飲み口型","sourceId":"tokyowater-drinking-stations"}},{"type":"Feature","geometry":{"type":"Point","coordinates":[139.74493,35.66101]},"properties":{"name":"芝給水所公園運動場","address":"港区芝公園３－６－７","location":null,"admissionFeeNote":null,"type":"飲み口型","sourceId":"tokyowater-drinking-stations"}},{"type":"Feature","geometry":{"type":"Point","coordinates":[139.74625,35.65598]},"properties":{"name":"芝公園駅（都営三田線）","address":"港区芝公園４－８－１４","location":"ホーム","admissionFeeNote":"有料","type":"飲み口型","sourceId":"tokyowater-drinking-stations"}},{"type":"Feature","geometry":{"type":"Point","coordinates":[139.72984,35.6319]},"properties":{"name":"高輪台駅（都営浅草線）","address":"港区白金台２－２６－７先","location":"ホーム","admissionFeeNote":"有料","type":"飲み口型","sourceId":"tokyowater-drinking-stations"}},{"type":"Feature","geometry":{"type":"Point","coordinates":[139.75911,35.6655]},"properties":{"name":"新橋駅（都営浅草線）","address":"港区新橋２－２１－１先","location":"ホーム","admissionFeeNote":"有料","type":"飲み口型","sourceId":"tokyowater-drinking-stations"}},{"type":"Feature","geometry":{"type":"Point","coordinates":[139.732901,35.637836]},"properties":{"name":"高輪図書館","address":"港区高輪１－２５－５\n高輪コミュティーぷらざ３階","location":"３・４階フロア","admissionFeeNote":null,"type":"飲み口型","sourceId":"tokyowater-drinking-stations"}},{"type":"Feature","geometry":{"type":"Point","coordinates":[139.73901,35.63874]},"properties":{"name":"泉岳寺駅（都営浅草線）","address":"港区高輪２－１６－３４","location":"ホーム","admissionFeeNote":"有料","type":"飲み口型","sourceId":"tokyowater-drinking-stations"}},{"type":"Feature","geometry":{"type":"Point","coordinates":[139.75108,35.66145]},"properties":{"name":"御成門駅（都営三田線）","address":"港区西新橋３－２４－６","location":"ホーム","admissionFeeNote":"有料","type":"飲み口型","sourceId":"tokyowater-drinking-stations"}},{"type":"Feature","geometry":{"type":"Point","coordinates":[139.75513,35.65767]},"properties":{"name":"大門駅（都営浅草線）","address":"港区浜松町１－２７－１２","location":"ホーム","admissionFeeNote":"有料","type":"飲み口型","sourceId":"tokyowater-drinking-stations"}},{"type":"Feature","geometry":{"type":"Point","coordinates":[139.75557,35.65564]},"properties":{"name":"大門駅（都営大江戸線）","address":"港区浜松町２－３－４","location":"ホーム","admissionFeeNote":"有料","type":"飲み口型","sourceId":"tokyowater-drinking-stations"}},{"type":"Feature","geometry":{"type":"Point","coordinates":[139.74382,35.65528]},"properties":{"name":"赤羽橋駅（都営大江戸線）","address":"港区東麻布１－２８－１３","location":"ホーム","admissionFeeNote":"有料","type":"飲み口型","sourceId":"tokyowater-drinking-stations"}},{"type":"Feature","geometry":{"type":"Point","coordinates":[139.76089,35.6625]},"properties":{"name":"汐留駅（都営大江戸線）","address":"港区東新橋１－９－１先","location":"ホーム","admissionFeeNote":"有料","type":"飲み口型","sourceId":"tokyowater-drinking-stations"}},{"type":"Feature","geometry":{"type":"Point","coordinates":[139.74344,35.6546]},"properties":{"name":"水道局港営業所","address":"港区三田１－３－２７","location":"１階","admissionFeeNote":null,"type":"飲み口型","sourceId":"tokyowater-drinking-stations"}},{"type":"Feature","geometry":{"type":"Point","coordinates":[139.71848,35.66946]},"properties":{"name":"青山運動場","address":"港区南青山２－２１－１２","location":null,"admissionFeeNote":null,"type":"飲み口型","sourceId":"tokyowater-drinking-stations"}},{"type":"Feature","geometry":{"type":"Point","coordinates":[139.71657,35.66407]},"properties":{"name":"青山生涯学習館","address":"港区南青山４－１９－７","location":"２階給湯室","admissionFeeNote":null,"type":"ボトルディスペンサー型","sourceId":"tokyowater-drinking-stations"}},{"type":"Feature","geometry":{"type":"Point","coordinates":[139.72585,35.6522]},"properties":{"name":"都立中央図書館","address":"港区南麻布５ー７ー１３","location":"１・４・５階","admissionFeeNote":null,"type":"飲み口型","sourceId":"tokyowater-drinking-stations"}},{"type":"Feature","geometry":{"type":"Point","coordinates":[139.72752,35.65275]},"properties":{"name":"麻布運動場","address":"港区南麻布５－６－３３","location":null,"admissionFeeNote":null,"type":"飲み口型","sourceId":"tokyowater-drinking-stations"}},{"type":"Feature","geometry":{"type":"Point","coordinates":[139.73499,35.65759]},"properties":{"name":"麻布図書館","address":"港区六本木５－１２－２４","location":"５階","admissionFeeNote":null,"type":"飲み口型","sourceId":"tokyowater-drinking-stations"}},{"type":"Feature","geometry":{"type":"Point","coordinates":[139.70596,35.69057]},"properties":{"name":"新宿三丁目駅（都営新宿線）","address":"新宿区新宿３－３－２","location":"ホーム","admissionFeeNote":"有料","type":"飲み口型","sourceId":"tokyowater-drinking-stations"}},{"type":"Feature","geometry":{"type":"Point","coordinates":[139.70663,35.69441]},"properties":{"name":"新宿区役所第二分庁舎","address":"新宿区新宿５－１８－２１","location":"１・２・３階","admissionFeeNote":null,"type":"飲み口型","sourceId":"tokyowater-drinking-stations"}},{"type":"Feature","geometry":{"type":"Point","coordinates":[139.70663,35.69441]},"properties":{"name":"新宿区役所第二分庁舎分館","address":"新宿区新宿５－１８－２１","location":"１・２階","admissionFeeNote":null,"type":"飲み口型","sourceId":"tokyowater-drinking-stations"}},{"type":"Feature","geometry":{"type":"Point","coordinates":[139.70808,35.69921]},"properties":{"name":"東新宿駅（都営大江戸線）","address":"新宿区新宿７－２７－３","location":"ホーム","admissionFeeNote":"有料","type":"飲み口型","sourceId":"tokyowater-drinking-stations"}},{"type":"Feature","geometry":{"type":"Point","coordinates":[139.71486,35.67805]},"properties":{"name":"国立競技場駅（都営大江戸線）","address":"新宿区霞ヶ丘町１０－３","location":"ホーム","admissionFeeNote":"有料","type":"飲み口型","sourceId":"tokyowater-drinking-stations"}},{"type":"Feature","geometry":{"type":"Point","coordinates":[139.70345,35.69392]},"properties":{"name":"新宿区役所本庁舎","address":"新宿区歌舞伎町１－４－１","location":"４・５・６・７階","admissionFeeNote":null,"type":"飲み口型","sourceId":"tokyowater-drinking-stations"}},{"type":"Feature","geometry":{"type":"Point","coordinates":[139.68677,35.71432]},"properties":{"name":"中井駅（都営大江戸線）","address":"新宿区上落合２－２０－８","location":"ホーム","admissionFeeNote":"有料","type":"飲み口型","sourceId":"tokyowater-drinking-stations"}},{"type":"Feature","geometry":{"type":"Point","coordinates":[139.71794,35.69818]},"properties":{"name":"若松河田駅（都営大江戸線）","address":"新宿区河田町１０－１０","location":"ホーム","admissionFeeNote":"有料","type":"飲み口型","sourceId":"tokyowater-drinking-stations"}},{"type":"Feature","geometry":{"type":"Point","coordinates":[139.7229,35.69255]},"properties":{"name":"曙橋駅（都営新宿線）","address":"新宿区住吉町７－１","location":"ホーム","admissionFeeNote":"有料","type":"飲み口型","sourceId":"tokyowater-drinking-stations"}},{"type":"Feature","geometry":{"type":"Point","coordinates":[139.73444,35.7006]},"properties":{"name":"牛込神楽坂駅（都営大江戸線）","address":"新宿区箪笥町１５","location":"ホーム","admissionFeeNote":"有料","type":"飲み口型","sourceId":"tokyowater-drinking-stations"}},{"type":"Feature","geometry":{"type":"Point","coordinates":[139.71463,35.68752]},"properties":{"name":"四谷区民センター\n（水道局新宿営業所）","address":"新宿区内藤町８７","location":"３・４階","admissionFeeNote":null,"type":"飲み口型","sourceId":"tokyowater-drinking-stations"}},{"type":"Feature","geometry":{"type":"Point","coordinates":[139.68306,35.72285]},"properties":{"name":"落合南長崎駅（都営大江戸線）","address":"新宿区西落合３－１－１８","location":"ホーム","admissionFeeNote":"有料","type":"飲み口型","sourceId":"tokyowater-drinking-stations"}},{"type":"Feature","geometry":{"type":"Point","coordinates":[139.69804,35.69337]},"properties":{"name":"新宿西口駅（都営大江戸線）","address":"新宿区西新宿１－３－１７","location":"ホーム","admissionFeeNote":"有料","type":"飲み口型","sourceId":"tokyowater-drinking-stations"}},{"type":"Feature","geometry":{"type":"Point","coordinates":[139.69177,35.68963]},"properties":{"name":"東京都庁第１本庁舎","address":"新宿区西新宿２－８－１","location":"４５階　北側・南側展望室","admissionFeeNote":null,"type":"ボトルディスペンサー型・飲み口型","sourceId":"tokyowater-drinking-stations"}},{"type":"Feature","geometry":{"type":"Point","coordinates":[139.69177,35.68963]},"properties":{"name":"都議会議事堂","address":"新宿区西新宿２－８－１","location":"１階トイレ前・２階ＰＲコーナー・７階","admissionFeeNote":null,"type":"飲み口型","sourceId":"tokyowater-drinking-stations"}},{"type":"Feature","geometry":{"type":"Point","coordinates":[139.69177,35.68963]},"properties":{"name":"東京都庁第２本庁舎","address":"新宿区西新宿２－８－１","location":"１・２階","admissionFeeNote":null,"type":"ボトルディスペンサー型・飲み口型","sourceId":"tokyowater-drinking-stations"}},{"type":"Feature","geometry":{"type":"Point","coordinates":[139.69177,35.68963]},"properties":{"name":"都庁前駅（都営大江戸線）","address":"新宿区西新宿２－８－１","location":"ホーム","admissionFeeNote":"有料","type":"飲み口型","sourceId":"tokyowater-drinking-stations"}},{"type":"Feature","geometry":{"type":"Point","coordinates":[139.68375,35.68964]},"properties":{"name":"西新宿五丁目駅（都営大江戸線）","address":"新宿区西新宿５－２５－９","location":"ホーム","admissionFeeNote":"有料","type":"飲み口型","sourceId":"tokyowater-drinking-stations"}},{"type":"Feature","geometry":{"type":"Point","coordinates":[139.724,35.70058]},"properties":{"name":"牛込柳町駅（都営大江戸線）","address":"新宿区原町２－３２","location":"ホーム","admissionFeeNote":"有料","type":"飲み口型","sourceId":"tokyowater-drinking-stations"}},{"type":"Feature","geometry":{"type":"Point","coordinates":[139.71989,35.68814]},"properties":{"name":"消防防災資料センター","address":"新宿区四谷３－１０","location":"地下１・１・３～６・７・１０階","admissionFeeNote":null,"type":"飲み口型","sourceId":"tokyowater-drinking-stations"}},{"type":"Feature","geometry":{"type":"Point","coordinates":[139.73674,35.72109]},"properties":{"name":"スポーツセンター","address":"文京区大塚３－２９－２","location":"１・２・３・４階","admissionFeeNote":null,"type":"ボトルディスペンサー型・飲み口型","sourceId":"tokyowater-drinking-stations"}},{"type":"Feature","geometry":{"type":"Point","coordinates":[139.73094,35.72417]},"properties":{"name":"大塚公園集会所","address":"文京区大塚４－４９－２","location":"１階エントランス","admissionFeeNote":null,"type":"飲み口型","sourceId":"tokyowater-drinking-stations"}},{"type":"Feature","geometry":{"type":"Point","coordinates":[139.75278,35.70794]},"properties":{"name":"春日駅（都営大江戸線）","address":"文京区春日１－１６－１７","location":"ホーム","admissionFeeNote":"有料","type":"飲み口型","sourceId":"tokyowater-drinking-stations"}},{"type":"Feature","geometry":{"type":"Point","coordinates":[139.75011,35.71185]},"properties":{"name":"礫川地域活動センター","address":"文京区小石川２－１８－１８","location":"１階ロビー","admissionFeeNote":null,"type":"飲み口型","sourceId":"tokyowater-drinking-stations"}},{"type":"Feature","geometry":{"type":"Point","coordinates":[139.75171,35.70528]},"properties":{"name":"水道橋駅（都営三田線）","address":"文京区後楽１－３－４２先","location":"ホーム","admissionFeeNote":"有料","type":"飲み口型","sourceId":"tokyowater-drinking-stations"}},{"type":"Feature","geometry":{"type":"Point","coordinates":[139.74672,35.70355]},"properties":{"name":"飯田橋駅（都営大江戸線）","address":"文京区後楽１－９－５","location":"ホーム","admissionFeeNote":"有料","type":"飲み口型","sourceId":"tokyowater-drinking-stations"}},{"type":"Feature","geometry":{"type":"Point","coordinates":[139.74518,35.72714]},"properties":{"name":"千石駅（都営三田線）","address":"文京区千石１－２９－１３","location":"ホーム","admissionFeeNote":"有料","type":"飲み口型","sourceId":"tokyowater-drinking-stations"}},{"type":"Feature","geometry":{"type":"Point","coordinates":[139.75168,35.72089]},"properties":{"name":"白山駅（都営三田線）","address":"文京区白山５－３６－１０","location":"ホーム","admissionFeeNote":"有料","type":"飲み口型","sourceId":"tokyowater-drinking-stations"}},{"type":"Feature","geometry":{"type":"Point","coordinates":[139.76016,35.70711]},"properties":{"name":"本郷三丁目駅（都営大江戸線）","address":"文京区本郷２－４０－８","location":"ホーム","admissionFeeNote":"有料","type":"飲み口型","sourceId":"tokyowater-drinking-stations"}},{"type":"Feature","geometry":{"type":"Point","coordinates":[139.76006,35.70344]},"properties":{"name":"東京都水道歴史館","address":"文京区本郷２－７－１","location":"１階ラウンジ・２階公苑側休憩所","admissionFeeNote":null,"type":"ボトルディスペンサー型・飲み口型","sourceId":"tokyowater-drinking-stations"}},{"type":"Feature","geometry":{"type":"Point","coordinates":[139.75456,35.70855]},"properties":{"name":"区民センター","address":"文京区本郷４－１５－１４","location":"２・３・４階（冷水器）","admissionFeeNote":null,"type":"飲み口型","sourceId":"tokyowater-drinking-stations"}},{"type":"Feature","geometry":{"type":"Point","coordinates":[139.75456,35.70855]},"properties":{"name":"春日駅（都営三田線）","address":"文京区本郷４－１５－１６","location":"ホーム","admissionFeeNote":"有料","type":"飲み口型","sourceId":"tokyowater-drinking-stations"}},{"type":"Feature","geometry":{"type":"Point","coordinates":[139.76254,35.70817]},"properties":{"name":"総合体育館","address":"文京区本郷７－１－２","location":"地下１階、１階、２階","admissionFeeNote":null,"type":"飲み口型","sourceId":"tokyowater-drinking-stations"}},{"type":"Feature","geometry":{"type":"Point","coordinates":[139.75243,35.72842]},"properties":{"name":"駒込地域活動センター","address":"文京区本駒込３－２２－４","location":"１階エントランス","admissionFeeNote":null,"type":"飲み口型","sourceId":"tokyowater-drinking-stations"}},{"type":"Feature","geometry":{"type":"Point","coordinates":[139.7554,35.7332]},"properties":{"name":"文京区勤労福祉会館","address":"文京区本駒込４－３５－１５","location":"１階ロビー","admissionFeeNote":null,"type":"飲み口型","sourceId":"tokyowater-drinking-stations"}},{"type":"Feature","geometry":{"type":"Point","coordinates":[139.75783,35.71748]},"properties":{"name":"向丘地域活動センター","address":"文京区向丘１－２０－８","location":"１階廊下","admissionFeeNote":null,"type":"飲み口型","sourceId":"tokyowater-drinking-stations"}},{"type":"Feature","geometry":{"type":"Point","coordinates":[139.74319,35.72475]},"properties":{"name":"大原地域活動センター","address":"文京区千石１－４－３","location":"１階ロビー","admissionFeeNote":null,"type":"飲み口型","sourceId":"tokyowater-drinking-stations"}},{"type":"Feature","geometry":{"type":"Point","coordinates":[139.764245,35.71921]},"properties":{"name":"不忍通りふれあい館","address":"文京区文京区根津２－２０－７","location":"１階","admissionFeeNote":null,"type":"飲み口型","sourceId":"tokyowater-drinking-stations"}},{"type":"Feature","geometry":{"type":"Point","coordinates":[139.77994,35.7126]},"properties":{"name":"台東区役所","address":"台東区東上野4-5-6","location":"２・４・５・７・９・１０階","admissionFeeNote":null,"type":"飲み口型","sourceId":"tokyowater-drinking-stations"}},{"type":"Feature","geometry":{"type":"Point","coordinates":[139.77516,35.70722]},"properties":{"name":"上野御徒町駅（都営大江戸線）","address":"台東区上野５－２６－６","location":"ホーム","admissionFeeNote":"有料","type":"飲み口型","sourceId":"tokyowater-drinking-stations"}},{"type":"Feature","geometry":{"type":"Point","coordinates":[139.79016,35.70231]},"properties":{"name":"蔵前駅（都営浅草線）","address":"台東区蔵前２－３－１","location":"ホーム","admissionFeeNote":"有料","type":"飲み口型","sourceId":"tokyowater-drinking-stations"}},{"type":"Feature","geometry":{"type":"Point","coordinates":[139.79547,35.70855]},"properties":{"name":"浅草駅（都営浅草線）","address":"台東区駒形１－１２－１４","location":"ホーム","admissionFeeNote":"有料","type":"飲み口型","sourceId":"tokyowater-drinking-stations"}},{"type":"Feature","geometry":{"type":"Point","coordinates":[139.79214,35.70584]},"properties":{"name":"蔵前駅（都営大江戸線）","address":"台東区寿３－３－１","location":"ホーム","admissionFeeNote":"有料","type":"飲み口型","sourceId":"tokyowater-drinking-stations"}},{"type":"Feature","geometry":{"type":"Point","coordinates":[139.78244,35.70719]},"properties":{"name":"新御徒町駅（都営大江戸線）","address":"台東区元浅草１－５－２","location":"ホーム","admissionFeeNote":"有料","type":"飲み口型","sourceId":"tokyowater-drinking-stations"}},{"type":"Feature","geometry":{"type":"Point","coordinates":[139.78613,35.69761]},"properties":{"name":"浅草橋駅（都営浅草線）","address":"台東区浅草橋１－１８－１１","location":"ホーム","admissionFeeNote":"有料","type":"飲み口型","sourceId":"tokyowater-drinking-stations"}},{"type":"Feature","geometry":{"type":"Point","coordinates":[139.79654,35.71038]},"properties":{"name":"浅草文化観光センター","address":"台東区雷門２－１８－９","location":"並木通り側出入口付近","admissionFeeNote":null,"type":"ボトルディスペンサー型","sourceId":"tokyowater-drinking-stations"}},{"type":"Feature","geometry":{"type":"Point","coordinates":[139.77049,35.71697]},"properties":{"name":"恩賜上野動物園","address":"台東区上野公園９ー８３","location":"さるやまキッチン","admissionFeeNote":"有料","type":"ボトルディスペンサー型","sourceId":"tokyowater-drinking-stations"}},{"type":"Feature","geometry":{"type":"Point","coordinates":[139.81497,35.70389]},"properties":{"name":"本所都民防災教育センター","address":"墨田区横川４－６－６","location":"１・２・３・４・５階","admissionFeeNote":null,"type":"飲み口型","sourceId":"tokyowater-drinking-stations"}},{"type":"Feature","geometry":{"type":"Point","coordinates":[139.80492,35.70884]},"properties":{"name":"本所吾妻橋駅（都営浅草線）","address":"墨田区吾妻橋３－７－１６先","location":"ホーム","admissionFeeNote":"有料","type":"飲み口型","sourceId":"tokyowater-drinking-stations"}},{"type":"Feature","geometry":{"type":"Point","coordinates":[139.80635,35.68868]},"properties":{"name":"菊川駅（都営新宿線）","address":"墨田区菊川３－１６－２","location":"ホーム","admissionFeeNote":"有料","type":"飲み口型","sourceId":"tokyowater-drinking-stations"}},{"type":"Feature","geometry":{"type":"Point","coordinates":[139.79544,35.69057]},"properties":{"name":"水道局墨田営業所","address":"墨田区千歳２－２－１１","location":"１階","admissionFeeNote":null,"type":"飲み口型","sourceId":"tokyowater-drinking-stations"}},{"type":"Feature","geometry":{"type":"Point","coordinates":[139.79587,35.69644]},"properties":{"name":"両国駅（都営大江戸線）","address":"墨田区横網１－４－２９","location":"ホーム","admissionFeeNote":"有料","type":"飲み口型","sourceId":"tokyowater-drinking-stations"}},{"type":"Feature","geometry":{"type":"Point","coordinates":[139.78412,35.63304]},"properties":{"name":"有明スポーツセンター","address":"江東区有明２－３－５","location":"Ａ棟７階・Ｂ棟３階","admissionFeeNote":null,"type":"ボトルディスペンサー型・飲み口型","sourceId":"tokyowater-drinking-stations"}},{"type":"Feature","geometry":{"type":"Point","coordinates":[139.78513,35.63063]},"properties":{"name":"東京都水の科学館","address":"江東区有明３－１－８","location":"１・２・３階エレベーター前","admissionFeeNote":null,"type":"ボトルディスペンサー型・飲み口型","sourceId":"tokyowater-drinking-stations"}},{"type":"Feature","geometry":{"type":"Point","coordinates":[139.80211,35.65753]},"properties":{"name":"深川南部保健相談所","address":"江東区枝川１－８－１５－１０２","location":"１階","admissionFeeNote":null,"type":"飲み口型","sourceId":"tokyowater-drinking-stations"}},{"type":"Feature","geometry":{"type":"Point","coordinates":[139.79199,35.67065]},"properties":{"name":"深川スポーツセンター","address":"江東区越中島１－２－１８　","location":"１・２・３・４階","admissionFeeNote":null,"type":"ボトルディスペンサー型・飲み口型","sourceId":"tokyowater-drinking-stations"}},{"type":"Feature","geometry":{"type":"Point","coordinates":[139.81425,35.68265]},"properties":{"name":"小松橋出張所・区民館","address":"江東区扇橋２－１－５","location":"２階","admissionFeeNote":null,"type":"飲み口型","sourceId":"tokyowater-drinking-stations"}},{"type":"Feature","geometry":{"type":"Point","coordinates":[139.82024,35.68417]},"properties":{"name":"男女共同参画推進センター","address":"江東区扇橋３－２２－２","location":"１・３階","admissionFeeNote":null,"type":"飲み口型","sourceId":"tokyowater-drinking-stations"}},{"type":"Feature","geometry":{"type":"Point","coordinates":[139.82574,35.68982]},"properties":{"name":"西大島駅（都営新宿線）","address":"江東区大島２－４１－１９","location":"ホーム","admissionFeeNote":"有料","type":"飲み口型","sourceId":"tokyowater-drinking-stations"}},{"type":"Feature","geometry":{"type":"Point","coordinates":[139.83414,35.68932]},"properties":{"name":"大島駅（都営新宿線）","address":"江東区大島５－１０－８","location":"ホーム","admissionFeeNote":"有料","type":"飲み口型","sourceId":"tokyowater-drinking-stations"}},{"type":"Feature","geometry":{"type":"Point","coordinates":[139.84024,35.693]},"properties":{"name":"江東区　大島児童館","address":"江東区大島７－２８－１－１０４","location":"１階","admissionFeeNote":null,"type":"飲み口型","sourceId":"tokyowater-drinking-stations"}},{"type":"Feature","geometry":{"type":"Point","coordinates":[139.845,35.69016]},"properties":{"name":"東大島駅（都営新宿線）","address":"江東区大島９－３－１４","location":"ホーム","admissionFeeNote":"有料","type":"飲み口型","sourceId":"tokyowater-drinking-stations"}},{"type":"Feature","geometry":{"type":"Point","coordinates":[139.82063,35.7003]},"properties":{"name":"江東区亀戸野球場庭球場","address":"江東区亀戸２－６－５０","location":"上階","admissionFeeNote":null,"type":"飲み口型","sourceId":"tokyowater-drinking-stations"}},{"type":"Feature","geometry":{"type":"Point","coordinates":[139.82028,35.69795]},"properties":{"name":"亀戸児童館","address":"江東区亀戸２－１－１９","location":"１階","admissionFeeNote":null,"type":"飲み口型","sourceId":"tokyowater-drinking-stations"}},{"type":"Feature","geometry":{"type":"Point","coordinates":[139.83957,35.6968]},"properties":{"name":"亀戸第三児童館","address":"江東区亀戸７－３９－９","location":"３階","admissionFeeNote":null,"type":"飲み口型","sourceId":"tokyowater-drinking-stations"}},{"type":"Feature","geometry":{"type":"Point","coordinates":[139.83598,35.70162]},"properties":{"name":"亀戸スポーツセンター","address":"江東区亀戸８－２２－１","location":"地下１階・１・２・３階","admissionFeeNote":null,"type":"飲み口型","sourceId":"tokyowater-drinking-stations"}},{"type":"Feature","geometry":{"type":"Point","coordinates":[139.82158,35.68434]},"properties":{"name":"スポーツ会館","address":"江東区北砂１－２－９","location":"１・２・３階","admissionFeeNote":null,"type":"ボトルディスペンサー型・飲み口型","sourceId":"tokyowater-drinking-stations"}},{"type":"Feature","geometry":{"type":"Point","coordinates":[139.82854,35.67756]},"properties":{"name":"砂町出張所・区民館","address":"江東区北砂４－７－３","location":"１階","admissionFeeNote":null,"type":"飲み口型","sourceId":"tokyowater-drinking-stations"}},{"type":"Feature","geometry":{"type":"Point","coordinates":[139.80518,35.66123]},"properties":{"name":"塩浜児童館","address":"江東区塩浜２－５－２０","location":"２階","admissionFeeNote":null,"type":"飲み口型","sourceId":"tokyowater-drinking-stations"}},{"type":"Feature","geometry":{"type":"Point","coordinates":[139.80975,35.65531]},"properties":{"name":"江東区潮見野球場庭球場","address":"江東区潮見１－１－１","location":"１階","admissionFeeNote":null,"type":"飲み口型","sourceId":"tokyowater-drinking-stations"}},{"type":"Feature","geometry":{"type":"Point","coordinates":[139.81343,35.65589]},"properties":{"name":"江東区環境学習情報館","address":"江東区潮見１ー２９－７","location":"２階","admissionFeeNote":null,"type":"飲み口型","sourceId":"tokyowater-drinking-stations"}},{"type":"Feature","geometry":{"type":"Point","coordinates":[139.79816,35.64365]},"properties":{"name":"東雲児童館","address":"江東区東雲２－４－４－１０２","location":"１階","admissionFeeNote":null,"type":"飲み口型","sourceId":"tokyowater-drinking-stations"}},{"type":"Feature","geometry":{"type":"Point","coordinates":[139.79881,35.6832]},"properties":{"name":"清澄白河駅（都営大江戸線）","address":"江東区白河１－７－１４","location":"ホーム","admissionFeeNote":"有料","type":"飲み口型","sourceId":"tokyowater-drinking-stations"}},{"type":"Feature","geometry":{"type":"Point","coordinates":[139.82344,35.66859]},"properties":{"name":"水道局東部第一支所","address":"江東区新砂１－７－２","location":"１階","admissionFeeNote":null,"type":"飲み口型","sourceId":"tokyowater-drinking-stations"}},{"type":"Feature","geometry":{"type":"Point","coordinates":[139.833881,35.656953]},"properties":{"name":"江東区新砂運動場","address":"江東区新砂３－９－１\n（砂町水再生センター内）","location":"１階","admissionFeeNote":null,"type":"ボトルディスペンサー型・飲み口型","sourceId":"tokyowater-drinking-stations"}},{"type":"Feature","geometry":{"type":"Point","coordinates":[139.81606,35.68934]},"properties":{"name":"住吉駅（都営新宿線）","address":"江東区住吉２－２３－１２","location":"ホーム","admissionFeeNote":"有料","type":"飲み口型","sourceId":"tokyowater-drinking-stations"}},{"type":"Feature","geometry":{"type":"Point","coordinates":[139.81482,35.65128]},"properties":{"name":"東京アクアティクスセンター","address":"江東区辰巳２－２－１","location":"１階","admissionFeeNote":null,"type":"飲み口型","sourceId":"tokyowater-drinking-stations"}},{"type":"Feature","geometry":{"type":"Point","coordinates":[139.81459,35.66642]},"properties":{"name":"江東区健康センター","address":"江東区東陽２－１－１","location":"２・３階","admissionFeeNote":null,"type":"飲み口型","sourceId":"tokyowater-drinking-stations"}},{"type":"Feature","geometry":{"type":"Point","coordinates":[139.81239,35.67411]},"properties":{"name":"高齢者総合福祉センター","address":"江東区東陽６－２－１７","location":"１・２・３階","admissionFeeNote":null,"type":"飲み口型","sourceId":"tokyowater-drinking-stations"}},{"type":"Feature","geometry":{"type":"Point","coordinates":[139.81746,35.67309]},"properties":{"name":"江東区役所","address":"江東区東陽４－１１－２８","location":"２～９階","admissionFeeNote":null,"type":"飲み口型","sourceId":"tokyowater-drinking-stations"}},{"type":"Feature","geometry":{"type":"Point","coordinates":[139.81099,35.67461]},"properties":{"name":"江東区豊住庭球場","address":"江東区東陽６－１－１３","location":"１階","admissionFeeNote":null,"type":"ボトルディスペンサー型・飲み口型","sourceId":"tokyowater-drinking-stations"}},{"type":"Feature","geometry":{"type":"Point","coordinates":[139.79875,35.67191]},"properties":{"name":"富岡出張所・区民館","address":"江東区富岡１－１６－１２","location":"１階","admissionFeeNote":null,"type":"飲み口型","sourceId":"tokyowater-drinking-stations"}},{"type":"Feature","geometry":{"type":"Point","coordinates":[139.79884,35.6725]},"properties":{"name":"深川庭球場","address":"江東区富岡１－１７－９","location":"１階","admissionFeeNote":"有料","type":"ボトルディスペンサー型・飲み口型","sourceId":"tokyowater-drinking-stations"}},{"type":"Feature","geometry":{"type":"Point","coordinates":[139.83936,35.68305]},"properties":{"name":"江東区東砂庭球場","address":"江東区東砂１－２－１３","location":"１階","admissionFeeNote":null,"type":"飲み口型","sourceId":"tokyowater-drinking-stations"}},{"type":"Feature","geometry":{"type":"Point","coordinates":[139.84155,35.6857]},"properties":{"name":"東砂第二児童館","address":"江東区東砂２－１３－１３","location":"２・３階","admissionFeeNote":null,"type":"飲み口型","sourceId":"tokyowater-drinking-stations"}},{"type":"Feature","geometry":{"type":"Point","coordinates":[139.84431,35.67935]},"properties":{"name":"江東区荒川砂町庭球場","address":"江東区東砂３－２８－１３","location":"１階","admissionFeeNote":null,"type":"ボトルディスペンサー型・飲み口型","sourceId":"tokyowater-drinking-stations"}},{"type":"Feature","geometry":{"type":"Point","coordinates":[139.83929,35.67968]},"properties":{"name":"東砂スポーツセンター","address":"江東区東砂４－２４－１","location":"地下１階・２階","admissionFeeNote":null,"type":"ボトルディスペンサー型・飲み口型","sourceId":"tokyowater-drinking-stations"}},{"type":"Feature","geometry":{"type":"Point","coordinates":[139.80672,35.67675]},"properties":{"name":"深川北スポーツセンター","address":"江東区平野３－２－２０","location":"１・２階","admissionFeeNote":null,"type":"ボトルディスペンサー型・飲み口型","sourceId":"tokyowater-drinking-stations"}},{"type":"Feature","geometry":{"type":"Point","coordinates":[139.82301,35.6719]},"properties":{"name":"南砂児童館","address":"江東区南砂２－３－１７","location":"１階","admissionFeeNote":null,"type":"飲み口型","sourceId":"tokyowater-drinking-stations"}},{"type":"Feature","geometry":{"type":"Point","coordinates":[139.80807,35.67979]},"properties":{"name":"東京都現代美術館","address":"江東区三好４－１－１","location":"地下２階・地下１階・１・２・３階","admissionFeeNote":"一部有料","type":"飲み口型","sourceId":"tokyowater-drinking-stations"}},{"type":"Feature","geometry":{"type":"Point","coordinates":[139.79781,35.68822]},"properties":{"name":"森下駅（都営新宿線）","address":"江東区森下１－１３－１０","location":"ホーム","admissionFeeNote":"有料","type":"飲み口型","sourceId":"tokyowater-drinking-stations"}},{"type":"Feature","geometry":{"type":"Point","coordinates":[139.79871,35.6878]},"properties":{"name":"森下駅（都営大江戸線）","address":"江東区森下２－１７－１７","location":"ホーム","admissionFeeNote":"有料","type":"飲み口型","sourceId":"tokyowater-drinking-stations"}},{"type":"Feature","geometry":{"type":"Point","coordinates":[139.79536,35.67243]},"properties":{"name":"門前仲町駅（都営大江戸線）","address":"江東区門前仲町２－５－２先","location":"ホーム","admissionFeeNote":"有料","type":"飲み口型","sourceId":"tokyowater-drinking-stations"}},{"type":"Feature","geometry":{"type":"Point","coordinates":[139.8237,35.6486]},"properties":{"name":"江東区夢の島野球場","address":"江東区夢の島１－１－１","location":"１階","admissionFeeNote":null,"type":"ボトルディスペンサー型・飲み口型","sourceId":"tokyowater-drinking-stations"}},{"type":"Feature","geometry":{"type":"Point","coordinates":[139.8237,35.6486]},"properties":{"name":"江東区夢の島競技場","address":"江東区夢の島１－１－２","location":"１階","admissionFeeNote":null,"type":"ボトルディスペンサー型・飲み口型","sourceId":"tokyowater-drinking-stations"}},{"type":"Feature","geometry":{"type":"Point","coordinates":[139.82594,35.65083]},"properties":{"name":"夢の島熱帯植物館","address":"江東区夢の島２－１－２","location":"エントランス・カフェ","admissionFeeNote":null,"type":"ボトルディスペンサー型・飲み口型","sourceId":"tokyowater-drinking-stations"}},{"type":"Feature","geometry":{"type":"Point","coordinates":[139.83594,35.67184]},"properties":{"name":"江東図書館","address":"江東区南砂６－７－５２","location":"１階・２階","admissionFeeNote":null,"type":"飲み口型","sourceId":"tokyowater-drinking-stations"}},{"type":"Feature","geometry":{"type":"Point","coordinates":[139.79475,35.6545]},"properties":{"name":"豊洲図書館","address":"江東区豊洲2-2-18","location":"江東区豊洲シビックセンター9階・10階","admissionFeeNote":null,"type":"飲み口型","sourceId":"tokyowater-drinking-stations"}},{"type":"Feature","geometry":{"type":"Point","coordinates":[139.81815,35.66763]},"properties":{"name":"東陽図書館","address":"東陽2-3-6（教育センター）","location":"1階","admissionFeeNote":null,"type":"飲み口型","sourceId":"tokyowater-drinking-stations"}},{"type":"Feature","geometry":{"type":"Point","coordinates":[139.80354,35.64363]},"properties":{"name":"東雲図書館","address":"江東区東雲2－7－5－201（トミンタワー東雲2階）","location":"2階","admissionFeeNote":null,"type":"飲み口型","sourceId":"tokyowater-drinking-stations"}},{"type":"Feature","geometry":{"type":"Point","coordinates":[139.79788,35.67995]},"properties":{"name":"深川図書館","address":"江東区清澄　3-3-39","location":"1階","admissionFeeNote":null,"type":"飲み口型","sourceId":"tokyowater-drinking-stations"}},{"type":"Feature","geometry":{"type":"Point","coordinates":[139.8123,35.68762]},"properties":{"name":"江東区こどもプラザ","address":"江東区住吉1-9-8","location":"1階、2階、3階、4階（5階）※5階は水を止めているため使用不可","admissionFeeNote":null,"type":"飲み口型","sourceId":"tokyowater-drinking-stations"}},{"type":"Feature","geometry":{"type":"Point","coordinates":[139.79445,35.62982]},"properties":{"name":"東京ビッグサイト","address":"江東区有明３－１１－１","location":"西展示棟１階アトリウムトイレ脇","admissionFeeNote":null,"type":"ボトルディスペンサー型","sourceId":"tokyowater-drinking-stations"}},{"type":"Feature","geometry":{"type":"Point","coordinates":[139.70163,35.61442]},"properties":{"name":"荏原区民センター","address":"品川区荏原５ー６ー５","location":"１階ロビー","admissionFeeNote":null,"type":"ボトルディスペンサー型","sourceId":"tokyowater-drinking-stations"}},{"type":"Feature","geometry":{"type":"Point","coordinates":[139.72977,35.60458]},"properties":{"name":"一本橋児童センター","address":"品川区大井２－２５－１","location":"児童センター内","admissionFeeNote":null,"type":"飲み口型","sourceId":"tokyowater-drinking-stations"}},{"type":"Feature","geometry":{"type":"Point","coordinates":[139.73378,35.60184]},"properties":{"name":"大井倉田児童センター","address":"品川区大井４－１１－３４","location":"児童センター内","admissionFeeNote":null,"type":"飲み口型","sourceId":"tokyowater-drinking-stations"}},{"type":"Feature","geometry":{"type":"Point","coordinates":[139.72887,35.59817]},"properties":{"name":"滝王子児童センター","address":"品川区大井５－１９－１４","location":"児童センター内","admissionFeeNote":null,"type":"飲み口型","sourceId":"tokyowater-drinking-stations"}},{"type":"Feature","geometry":{"type":"Point","coordinates":[139.72887,35.59817]},"properties":{"name":"大井図書館","address":"品川区大井５－１９－１４","location":"１階図書館内","admissionFeeNote":null,"type":"飲み口型","sourceId":"tokyowater-drinking-stations"}},{"type":"Feature","geometry":{"type":"Point","coordinates":[139.72458,35.61905]},"properties":{"name":"大崎図書館分館","address":"品川区大崎３－１２－２２","location":"地下１階図書館内","admissionFeeNote":null,"type":"飲み口型","sourceId":"tokyowater-drinking-stations"}},{"type":"Feature","geometry":{"type":"Point","coordinates":[139.74237,35.61689]},"properties":{"name":"品川図書館","address":"品川区北品川２－３２－３","location":"４階図書館内","admissionFeeNote":null,"type":"飲み口型","sourceId":"tokyowater-drinking-stations"}},{"type":"Feature","geometry":{"type":"Point","coordinates":[139.74411,35.61884]},"properties":{"name":"北品川児童センター","address":"品川区北品川２－７－２１","location":"児童センター内","admissionFeeNote":null,"type":"飲み口型","sourceId":"tokyowater-drinking-stations"}},{"type":"Feature","geometry":{"type":"Point","coordinates":[139.73166,35.62324]},"properties":{"name":"大崎図書館","address":"品川区北品川５－２－１","location":"２階図書館内","admissionFeeNote":null,"type":"飲み口型","sourceId":"tokyowater-drinking-stations"}},{"type":"Feature","geometry":{"type":"Point","coordinates":[139.73285,35.61963]},"properties":{"name":"小関児童センター","address":"品川区北品川５－８－１５","location":"児童センター内","admissionFeeNote":null,"type":"飲み口型","sourceId":"tokyowater-drinking-stations"}},{"type":"Feature","geometry":{"type":"Point","coordinates":[139.71176,35.62147]},"properties":{"name":"中原児童センター","address":"品川区小山１－４－１","location":"児童センター内","admissionFeeNote":null,"type":"飲み口型","sourceId":"tokyowater-drinking-stations"}},{"type":"Feature","geometry":{"type":"Point","coordinates":[139.7093,35.62122]},"properties":{"name":"後地児童センター","address":"品川区小山２－９－１９","location":"児童センター内","admissionFeeNote":null,"type":"飲み口型","sourceId":"tokyowater-drinking-stations"}},{"type":"Feature","geometry":{"type":"Point","coordinates":[139.71651,35.61412]},"properties":{"name":"戸越駅（都営浅草線）","address":"品川区戸越３－４－１７","location":"ホーム","admissionFeeNote":"有料","type":"飲み口型","sourceId":"tokyowater-drinking-stations"}},{"type":"Feature","geometry":{"type":"Point","coordinates":[139.7155,35.60715]},"properties":{"name":"大原児童センター","address":"品川区戸越６－１６－１","location":"児童センター内","admissionFeeNote":null,"type":"飲み口型","sourceId":"tokyowater-drinking-stations"}},{"type":"Feature","geometry":{"type":"Point","coordinates":[139.72211,35.61145]},"properties":{"name":"ゆたか図書館","address":"品川区豊町１－１７－７","location":"１・２階図書館内","admissionFeeNote":null,"type":"飲み口型","sourceId":"tokyowater-drinking-stations"}},{"type":"Feature","geometry":{"type":"Point","coordinates":[139.71085,35.61221]},"properties":{"name":"荏原文化センター","address":"品川区中延１－９－１５","location":"２階","admissionFeeNote":null,"type":"飲み口型","sourceId":"tokyowater-drinking-stations"}},{"type":"Feature","geometry":{"type":"Point","coordinates":[139.71014,35.60546]},"properties":{"name":"源氏前図書館","address":"品川区中延４－１４－１７","location":"３階図書館内","admissionFeeNote":null,"type":"飲み口型","sourceId":"tokyowater-drinking-stations"}},{"type":"Feature","geometry":{"type":"Point","coordinates":[139.71771,35.59996]},"properties":{"name":"伊藤児童センター","address":"品川区西大井６－１３－１","location":"児童センター内","admissionFeeNote":null,"type":"飲み口型","sourceId":"tokyowater-drinking-stations"}},{"type":"Feature","geometry":{"type":"Point","coordinates":[139.71378,35.60092]},"properties":{"name":"冨士見台児童センター","address":"品川区西大井６－１－８","location":"児童センター内","admissionFeeNote":null,"type":"飲み口型","sourceId":"tokyowater-drinking-stations"}},{"type":"Feature","geometry":{"type":"Point","coordinates":[139.71658,35.62205]},"properties":{"name":"五反田図書館","address":"品川区西五反田６－５－１","location":"２階図書館内","admissionFeeNote":null,"type":"飲み口型","sourceId":"tokyowater-drinking-stations"}},{"type":"Feature","geometry":{"type":"Point","coordinates":[139.72658,35.61399]},"properties":{"name":"三ツ木児童センター","address":"品川区西品川２－６－１３","location":"児童センター内","admissionFeeNote":null,"type":"飲み口型","sourceId":"tokyowater-drinking-stations"}},{"type":"Feature","geometry":{"type":"Point","coordinates":[139.70831,35.61238]},"properties":{"name":"中延児童センター","address":"品川区西中延１－６－１６","location":"児童センター内","admissionFeeNote":null,"type":"飲み口型","sourceId":"tokyowater-drinking-stations"}},{"type":"Feature","geometry":{"type":"Point","coordinates":[139.70712,35.61131]},"properties":{"name":"水道局品川営業所","address":"品川区西中延１－９－１０","location":"１階","admissionFeeNote":null,"type":"飲み口型","sourceId":"tokyowater-drinking-stations"}},{"type":"Feature","geometry":{"type":"Point","coordinates":[139.70827,35.60726]},"properties":{"name":"西中延児童センター","address":"品川区西中延３－８－５","location":"児童センター内","admissionFeeNote":null,"type":"飲み口型","sourceId":"tokyowater-drinking-stations"}},{"type":"Feature","geometry":{"type":"Point","coordinates":[139.7003,35.60385]},"properties":{"name":"旗の台児童センター","address":"品川区旗の台５－１９－５","location":"児童センター内","admissionFeeNote":null,"type":"飲み口型","sourceId":"tokyowater-drinking-stations"}},{"type":"Feature","geometry":{"type":"Point","coordinates":[139.74173,35.60352]},"properties":{"name":"東大井児童センター","address":"品川区東大井１－２２－１６","location":"児童センター内","admissionFeeNote":null,"type":"飲み口型","sourceId":"tokyowater-drinking-stations"}},{"type":"Feature","geometry":{"type":"Point","coordinates":[139.72377,35.62615]},"properties":{"name":"五反田駅（都営浅草線）","address":"品川区東五反田１－２６－２","location":"ホーム","admissionFeeNote":"有料","type":"飲み口型","sourceId":"tokyowater-drinking-stations"}},{"type":"Feature","geometry":{"type":"Point","coordinates":[139.72833,35.62427]},"properties":{"name":"総合体育館","address":"品川区東五反田２－１１－２","location":"地下２階","admissionFeeNote":null,"type":"飲み口型","sourceId":"tokyowater-drinking-stations"}},{"type":"Feature","geometry":{"type":"Point","coordinates":[139.72345,35.62775]},"properties":{"name":"東五反田児童センター","address":"品川区東五反田５－２４－１","location":"児童センター内","admissionFeeNote":null,"type":"飲み口型","sourceId":"tokyowater-drinking-stations"}},{"type":"Feature","geometry":{"type":"Point","coordinates":[139.74596,35.61913]},"properties":{"name":"東品川児童センター","address":"品川区東品川１－３４－９","location":"児童センター内","admissionFeeNote":null,"type":"飲み口型","sourceId":"tokyowater-drinking-stations"}},{"type":"Feature","geometry":{"type":"Point","coordinates":[139.749267,35.620554]},"properties":{"name":"天王洲公園","address":"品川区東品川２－５－４２\n～２－６－２３","location":"クラブハウス１階ロビー","admissionFeeNote":null,"type":"飲み口型","sourceId":"tokyowater-drinking-stations"}},{"type":"Feature","geometry":{"type":"Point","coordinates":[139.71361,35.60784]},"properties":{"name":"東中延児童センター","address":"品川区東中延２－５－１０","location":"児童センター内","admissionFeeNote":null,"type":"飲み口型","sourceId":"tokyowater-drinking-stations"}},{"type":"Feature","geometry":{"type":"Point","coordinates":[139.71338,35.60656]},"properties":{"name":"中延駅（都営浅草線）","address":"品川区東中延２－９－１２","location":"ホーム","admissionFeeNote":"有料","type":"飲み口型","sourceId":"tokyowater-drinking-stations"}},{"type":"Feature","geometry":{"type":"Point","coordinates":[139.71733,35.61859]},"properties":{"name":"平塚児童センター","address":"品川区平塚２－２－３","location":"児童センター内","admissionFeeNote":null,"type":"飲み口型","sourceId":"tokyowater-drinking-stations"}},{"type":"Feature","geometry":{"type":"Point","coordinates":[139.72672,35.6078]},"properties":{"name":"二葉図書館","address":"品川区二葉１－４－２５","location":"２階図書館内","admissionFeeNote":null,"type":"飲み口型","sourceId":"tokyowater-drinking-stations"}},{"type":"Feature","geometry":{"type":"Point","coordinates":[139.7343,35.59172]},"properties":{"name":"南大井児童センター","address":"品川区南大井３－７－１３","location":"児童センター内","admissionFeeNote":null,"type":"飲み口型","sourceId":"tokyowater-drinking-stations"}},{"type":"Feature","geometry":{"type":"Point","coordinates":[139.7343,35.59172]},"properties":{"name":"南大井図書館","address":"品川区南大井３－７－１３","location":"４階図書館内","admissionFeeNote":null,"type":"飲み口型","sourceId":"tokyowater-drinking-stations"}},{"type":"Feature","geometry":{"type":"Point","coordinates":[139.73419,35.59551]},"properties":{"name":"水神児童センター","address":"品川区南大井５－１３－１９","location":"児童センター内","admissionFeeNote":null,"type":"飲み口型","sourceId":"tokyowater-drinking-stations"}},{"type":"Feature","geometry":{"type":"Point","coordinates":[139.73991,35.6139]},"properties":{"name":"南品川児童センター","address":"品川区南品川４－５－２８","location":"児童センター内","admissionFeeNote":null,"type":"飲み口型","sourceId":"tokyowater-drinking-stations"}},{"type":"Feature","geometry":{"type":"Point","coordinates":[139.75262,35.59938]},"properties":{"name":"八潮児童センター","address":"品川区八潮５－１０－２７","location":"児童センター内","admissionFeeNote":null,"type":"飲み口型","sourceId":"tokyowater-drinking-stations"}},{"type":"Feature","geometry":{"type":"Point","coordinates":[139.72275,35.61148]},"properties":{"name":"ゆたか児童センター","address":"品川区豊町１－１８－１５","location":"児童センター内","admissionFeeNote":null,"type":"飲み口型","sourceId":"tokyowater-drinking-stations"}},{"type":"Feature","geometry":{"type":"Point","coordinates":[139.72151,35.61019]},"properties":{"name":"戸越体育館","address":"品川区豊町２－１－１７","location":"１階ロビー・２階","admissionFeeNote":null,"type":"飲み口型","sourceId":"tokyowater-drinking-stations"}},{"type":"Feature","geometry":{"type":"Point","coordinates":[139.72116,35.60647]},"properties":{"name":"南ゆたか児童センター","address":"品川区豊町４－１７－２１","location":"児童センター内","admissionFeeNote":null,"type":"飲み口型","sourceId":"tokyowater-drinking-stations"}},{"type":"Feature","geometry":{"type":"Point","coordinates":[139.75262,35.59938]},"properties":{"name":"八潮図書館","address":"品川区八潮５－１０－２７","location":"３階図書館内","admissionFeeNote":null,"type":"飲み口型","sourceId":"tokyowater-drinking-stations"}},{"type":"Feature","geometry":{"type":"Point","coordinates":[139.69838,35.64108]},"properties":{"name":"目黒区総合庁舎","address":"目黒区上目黒２－１９－１５","location":"本館１・２・３階、別館２階","admissionFeeNote":null,"type":"飲み口型","sourceId":"tokyowater-drinking-stations"}},{"type":"Feature","geometry":{"type":"Point","coordinates":[139.69209,35.63204]},"properties":{"name":"中央町さくらプラザ","address":"目黒区中央町２－４－１８","location":"１階ロビー","admissionFeeNote":null,"type":"飲み口型","sourceId":"tokyowater-drinking-stations"}},{"type":"Feature","geometry":{"type":"Point","coordinates":[139.69266,35.6329]},"properties":{"name":"水道局目黒営業所","address":"目黒区中町２－４３－１８","location":"１階","admissionFeeNote":null,"type":"飲み口型","sourceId":"tokyowater-drinking-stations"}},{"type":"Feature","geometry":{"type":"Point","coordinates":[139.68495,35.64754]},"properties":{"name":"東山社会教育館","address":"目黒区東山３－２４－２","location":"２階ロビー","admissionFeeNote":null,"type":"飲み口型","sourceId":"tokyowater-drinking-stations"}},{"type":"Feature","geometry":{"type":"Point","coordinates":[139.68137,35.62722]},"properties":{"name":"碑文谷体育館","address":"目黒区碑文谷６－１２－４３","location":"１階体育室口ホール","admissionFeeNote":null,"type":"ボトルディスペンサー型・飲み口型","sourceId":"tokyowater-drinking-stations"}},{"type":"Feature","geometry":{"type":"Point","coordinates":[139.67346,35.60915]},"properties":{"name":"緑が丘文化会館","address":"目黒区緑が丘２－１４－２３","location":"１・２・３階","admissionFeeNote":null,"type":"飲み口型","sourceId":"tokyowater-drinking-stations"}},{"type":"Feature","geometry":{"type":"Point","coordinates":[139.67447,35.6092]},"properties":{"name":"緑が丘文化会館別館","address":"目黒区緑が丘２－７－２０","location":"１・２階","admissionFeeNote":null,"type":"飲み口型","sourceId":"tokyowater-drinking-stations"}},{"type":"Feature","geometry":{"type":"Point","coordinates":[139.70818,35.63549]},"properties":{"name":"目黒区民センター社会教育館","address":"目黒区目黒２－４－３６","location":"６階","admissionFeeNote":null,"type":"飲み口型","sourceId":"tokyowater-drinking-stations"}},{"type":"Feature","geometry":{"type":"Point","coordinates":[139.70818,35.63549]},"properties":{"name":"目黒区民センター体育館","address":"目黒区目黒２－４－３６","location":"１階トレーニング室・３階ロビー・地下プール","admissionFeeNote":"有料","type":"飲み口型","sourceId":"tokyowater-drinking-stations"}},{"type":"Feature","geometry":{"type":"Point","coordinates":[139.69501,35.62535]},"properties":{"name":"目黒本町社会教育館","address":"目黒区目黒本町２－１－２０","location":"３階ロビー","admissionFeeNote":null,"type":"飲み口型","sourceId":"tokyowater-drinking-stations"}},{"type":"Feature","geometry":{"type":"Point","coordinates":[139.69901,35.61893]},"properties":{"name":"中央体育館","address":"目黒区目黒本町５－２２－８","location":"１・２・３・４階","admissionFeeNote":null,"type":"飲み口型","sourceId":"tokyowater-drinking-stations"}},{"type":"Feature","geometry":{"type":"Point","coordinates":[139.71381,35.64187]},"properties":{"name":"東京都写真美術館","address":"目黒区三田１－１３－３","location":"地下１階トイレ前・２階トイレ前・３階トイレ前","admissionFeeNote":null,"type":"飲み口型","sourceId":"tokyowater-drinking-stations"}},{"type":"Feature","geometry":{"type":"Point","coordinates":[139.74635,35.56684]},"properties":{"name":"大森東特別出張所","address":"大田区大森南４－９－１","location":"１階ロビー","admissionFeeNote":null,"type":"飲み口型","sourceId":"tokyowater-drinking-stations"}},{"type":"Feature","geometry":{"type":"Point","coordinates":[139.7377,35.58083]},"properties":{"name":"大森スポーツセンター","address":"大田区大森本町２－２－５","location":"地下２・１階","admissionFeeNote":null,"type":"飲み口型","sourceId":"tokyowater-drinking-stations"}},{"type":"Feature","geometry":{"type":"Point","coordinates":[139.71576,35.56125]},"properties":{"name":"大田区役所本庁舎","address":"大田区蒲田５－１３－１４","location":"１階ロビー","admissionFeeNote":null,"type":"ボトルディスペンサー型・飲み口型","sourceId":"tokyowater-drinking-stations"}},{"type":"Feature","geometry":{"type":"Point","coordinates":[139.71179,35.59747]},"properties":{"name":"馬込駅（都営浅草線）","address":"大田区北馬込２－３１－９","location":"ホーム","admissionFeeNote":"有料","type":"飲み口型","sourceId":"tokyowater-drinking-stations"}},{"type":"Feature","geometry":{"type":"Point","coordinates":[139.69395,35.58021]},"properties":{"name":"久が原特別出張所","address":"大田区久が原４－１２－１０","location":"１階","admissionFeeNote":null,"type":"飲み口型","sourceId":"tokyowater-drinking-stations"}},{"type":"Feature","geometry":{"type":"Point","coordinates":[139.72,35.57988]},"properties":{"name":"新井宿特別出張所","address":"大田区中央１－２１－６","location":"１階","admissionFeeNote":null,"type":"飲み口型","sourceId":"tokyowater-drinking-stations"}},{"type":"Feature","geometry":{"type":"Point","coordinates":[139.6768,35.58739]},"properties":{"name":"嶺町文化センター","address":"大田区田園調布本町７－１","location":"１階","admissionFeeNote":null,"type":"飲み口型","sourceId":"tokyowater-drinking-stations"}},{"type":"Feature","geometry":{"type":"Point","coordinates":[139.75911,35.58295]},"properties":{"name":"大田市場","address":"大田区東海３－２－１","location":"事務棟２階展示室","admissionFeeNote":null,"type":"飲み口型","sourceId":"tokyowater-drinking-stations"}},{"type":"Feature","geometry":{"type":"Point","coordinates":[139.73625,35.55892]},"properties":{"name":"糀谷文化センター","address":"大田区西糀谷２－１４－５","location":"１階","admissionFeeNote":null,"type":"飲み口型","sourceId":"tokyowater-drinking-stations"}},{"type":"Feature","geometry":{"type":"Point","coordinates":[139.70607,35.58767]},"properties":{"name":"西馬込駅（都営浅草線）","address":"大田区西馬込２－１－６","location":"ホーム","admissionFeeNote":"有料","type":"飲み口型","sourceId":"tokyowater-drinking-stations"}},{"type":"Feature","geometry":{"type":"Point","coordinates":[139.72792,35.56444]},"properties":{"name":"大田区総合体育館","address":"大田区東蒲田１ー１１ー１","location":"地下１階","admissionFeeNote":null,"type":"飲み口型","sourceId":"tokyowater-drinking-stations"}},{"type":"Feature","geometry":{"type":"Point","coordinates":[139.6853,35.57488]},"properties":{"name":"鵜の木特別出張所","address":"大田区南久が原２－３０－５","location":"地下１階","admissionFeeNote":null,"type":"飲み口型","sourceId":"tokyowater-drinking-stations"}},{"type":"Feature","geometry":{"type":"Point","coordinates":[139.6111,35.62975]},"properties":{"name":"総合運動場温水プール","address":"世田谷区大蔵4－6－1","location":"地下２階男女更衣室・１階男女更衣室前","admissionFeeNote":"一部有料","type":"飲み口型","sourceId":"tokyowater-drinking-stations"}},{"type":"Feature","geometry":{"type":"Point","coordinates":[139.6111,35.62975]},"properties":{"name":"総合運動場体育館","address":"世田谷区大蔵4－6－1","location":"地下１階ロビー","admissionFeeNote":null,"type":"ボトルディスペンサー型・飲み口型","sourceId":"tokyowater-drinking-stations"}},{"type":"Feature","geometry":{"type":"Point","coordinates":[139.6111,35.62975]},"properties":{"name":"総合運動場陸上競技場","address":"世田谷区大蔵4－6－1","location":"１階エントランス","admissionFeeNote":null,"type":"ボトルディスペンサー型・飲み口型","sourceId":"tokyowater-drinking-stations"}},{"type":"Feature","geometry":{"type":"Point","coordinates":[139.6142,35.63108]},"properties":{"name":"大蔵第二運動場","address":"世田谷区大蔵４－７－１","location":"トレーニングルーム・ゴルフ練習場","admissionFeeNote":"一部有料","type":"飲み口型","sourceId":"tokyowater-drinking-stations"}},{"type":"Feature","geometry":{"type":"Point","coordinates":[139.61967,35.6255]},"properties":{"name":"岡本地区会館","address":"世田谷区岡本１－２５－４","location":"入口ロビー","admissionFeeNote":null,"type":"飲み口型","sourceId":"tokyowater-drinking-stations"}},{"type":"Feature","geometry":{"type":"Point","coordinates":[139.65414,35.60515]},"properties":{"name":"尾山台地域体育館","address":"世田谷区尾山台３－１９－３","location":"１階ロビー（アリーナ入口）","admissionFeeNote":null,"type":"飲み口型","sourceId":"tokyowater-drinking-stations"}},{"type":"Feature","geometry":{"type":"Point","coordinates":[139.61351,35.62247]},"properties":{"name":"鎌田区民センター","address":"世田谷区鎌田３－３５－１","location":"１階入口ロビー・地下１階図書館入口付近","admissionFeeNote":null,"type":"飲み口型","sourceId":"tokyowater-drinking-stations"}},{"type":"Feature","geometry":{"type":"Point","coordinates":[139.59575,35.62096]},"properties":{"name":"砧野球場・サッカー場","address":"世田谷区喜多見１－１２－２","location":"１階ロビー","admissionFeeNote":null,"type":"飲み口型","sourceId":"tokyowater-drinking-stations"}},{"type":"Feature","geometry":{"type":"Point","coordinates":[139.62364,35.64575]},"properties":{"name":"桜丘区民センター別館","address":"世田谷区桜丘２－２２－１","location":"１階","admissionFeeNote":null,"type":"飲み口型","sourceId":"tokyowater-drinking-stations"}},{"type":"Feature","geometry":{"type":"Point","coordinates":[139.62202,35.64478]},"properties":{"name":"桜丘区民センター","address":"世田谷区桜丘５－１４－１","location":"地下１階・１階","admissionFeeNote":null,"type":"飲み口型","sourceId":"tokyowater-drinking-stations"}},{"type":"Feature","geometry":{"type":"Point","coordinates":[139.67621,35.64149]},"properties":{"name":"下馬図書館","address":"世田谷区下馬２－３２－１","location":"１階フロア","admissionFeeNote":null,"type":"飲み口型","sourceId":"tokyowater-drinking-stations"}},{"type":"Feature","geometry":{"type":"Point","coordinates":[139.60402,35.6426]},"properties":{"name":"砧図書館","address":"世田谷区祖師谷３－１０－４","location":"１・２階","admissionFeeNote":null,"type":"飲み口型","sourceId":"tokyowater-drinking-stations"}},{"type":"Feature","geometry":{"type":"Point","coordinates":[139.67346,35.6433]},"properties":{"name":"水道局世田谷営業所","address":"世田谷区太子堂１－１３－１３","location":"２階","admissionFeeNote":null,"type":"飲み口型","sourceId":"tokyowater-drinking-stations"}},{"type":"Feature","geometry":{"type":"Point","coordinates":[139.6122,35.65368]},"properties":{"name":"千歳台地区会館","address":"世田谷区千歳台３－３１－９","location":"１階入口ロビー","admissionFeeNote":null,"type":"飲み口型","sourceId":"tokyowater-drinking-stations"}},{"type":"Feature","geometry":{"type":"Point","coordinates":[139.65196,35.63689]},"properties":{"name":"弦巻区民センター","address":"世田谷区弦巻１－２６－１１","location":"地下１階・１・２・３階","admissionFeeNote":null,"type":"飲み口型","sourceId":"tokyowater-drinking-stations"}},{"type":"Feature","geometry":{"type":"Point","coordinates":[139.64438,35.63776]},"properties":{"name":"中央図書館","address":"世田谷区弦巻３－１６－８","location":"１階図書館内","admissionFeeNote":null,"type":"飲み口型","sourceId":"tokyowater-drinking-stations"}},{"type":"Feature","geometry":{"type":"Point","coordinates":[139.64438,35.63776]},"properties":{"name":"教育会館","address":"世田谷区弦巻３－１６－８","location":"１階ロビー","admissionFeeNote":null,"type":"飲み口型","sourceId":"tokyowater-drinking-stations"}},{"type":"Feature","geometry":{"type":"Point","coordinates":[139.62111,35.65913]},"properties":{"name":"希望丘地域体育館","address":"世田谷区船橋６－２５－１","location":"１階廊下・３階自動販売機横","admissionFeeNote":null,"type":"ボトルディスペンサー型・飲み口型","sourceId":"tokyowater-drinking-stations"}},{"type":"Feature","geometry":{"type":"Point","coordinates":[139.6176,35.65862]},"properties":{"name":"千歳温水プール","address":"世田谷区船橋７－９－１","location":"２階","admissionFeeNote":"有料","type":"飲み口型","sourceId":"tokyowater-drinking-stations"}},{"type":"Feature","geometry":{"type":"Point","coordinates":[139.60875,35.66722]},"properties":{"name":"世田谷文学館","address":"世田谷区南烏山１－１０－１０","location":"１階","admissionFeeNote":null,"type":"飲み口型","sourceId":"tokyowater-drinking-stations"}},{"type":"Feature","geometry":{"type":"Point","coordinates":[139.60066,35.66868]},"properties":{"name":"烏山図書館","address":"世田谷区南烏山６－２－１９","location":"４階図書館入口","admissionFeeNote":null,"type":"飲み口型","sourceId":"tokyowater-drinking-stations"}},{"type":"Feature","geometry":{"type":"Point","coordinates":[139.64473,35.64774]},"properties":{"name":"宮坂区民センター","address":"世田谷区宮坂１－２４－６","location":"地階","admissionFeeNote":null,"type":"飲み口型","sourceId":"tokyowater-drinking-stations"}},{"type":"Feature","geometry":{"type":"Point","coordinates":[139.64018,35.65248]},"properties":{"name":"経堂図書館","address":"世田谷区宮坂３－１－３０","location":"１階","admissionFeeNote":null,"type":"飲み口型","sourceId":"tokyowater-drinking-stations"}},{"type":"Feature","geometry":{"type":"Point","coordinates":[139.62123,35.63184]},"properties":{"name":"砧公園","address":"世田谷区砧公園１－１","location":"サービスセンター前","admissionFeeNote":null,"type":"ボトルディスペンサー型","sourceId":"tokyowater-drinking-stations"}},{"type":"Feature","geometry":{"type":"Point","coordinates":[139.68686,35.66891]},"properties":{"name":"富ヶ谷図書館","address":"渋谷区上原１－４６－２","location":"誰でもトイレ入口","admissionFeeNote":null,"type":"飲み口型","sourceId":"tokyowater-drinking-stations"}},{"type":"Feature","geometry":{"type":"Point","coordinates":[139.67903,35.66637]},"properties":{"name":"上原社会教育館","address":"渋谷区上原３－１３－８","location":"地下１階・２階","admissionFeeNote":null,"type":"飲み口型","sourceId":"tokyowater-drinking-stations"}},{"type":"Feature","geometry":{"type":"Point","coordinates":[139.69789,35.66415]},"properties":{"name":"渋谷区役所","address":"渋谷区宇田川町１－１","location":"１～１５階","admissionFeeNote":null,"type":"ボトルディスペンサー型・飲み口型","sourceId":"tokyowater-drinking-stations"}},{"type":"Feature","geometry":{"type":"Point","coordinates":[139.72012,35.64554]},"properties":{"name":"恵比寿社会教育館","address":"渋谷区恵比寿２－２７－１８","location":"地下１階","admissionFeeNote":null,"type":"飲み口型","sourceId":"tokyowater-drinking-stations"}},{"type":"Feature","geometry":{"type":"Point","coordinates":[139.70622,35.64713]},"properties":{"name":"長谷戸社会教育館","address":"渋谷区恵比寿西１－２３－４","location":"１階","admissionFeeNote":null,"type":"飲み口型","sourceId":"tokyowater-drinking-stations"}},{"type":"Feature","geometry":{"type":"Point","coordinates":[139.700121,35.655859]},"properties":{"name":"こもれび大和田図書館","address":"渋谷区桜丘町２３－２１\n文化総合センター大和田２階","location":"児童用トイレ前","admissionFeeNote":null,"type":"飲み口型","sourceId":"tokyowater-drinking-stations"}},{"type":"Feature","geometry":{"type":"Point","coordinates":[139.668145,35.673767]},"properties":{"name":"笹塚図書館","address":"渋谷区笹塚１－４７－１\nメルクマール京王笹塚４階","location":"カウンター横","admissionFeeNote":null,"type":"飲み口型","sourceId":"tokyowater-drinking-stations"}},{"type":"Feature","geometry":{"type":"Point","coordinates":[139.66975,35.67873]},"properties":{"name":"笹塚こども図書館","address":"渋谷区笹塚３－３－１","location":"２階窓口前","admissionFeeNote":null,"type":"飲み口型","sourceId":"tokyowater-drinking-stations"}},{"type":"Feature","geometry":{"type":"Point","coordinates":[139.70392,35.66185]},"properties":{"name":"美竹の丘・しぶや","address":"渋谷区渋谷１－１８－９","location":"１階総合案内前・２階階段","admissionFeeNote":null,"type":"飲み口型","sourceId":"tokyowater-drinking-stations"}},{"type":"Feature","geometry":{"type":"Point","coordinates":[139.70699,35.67241]},"properties":{"name":"中央図書館","address":"渋谷区神宮前1-4-1","location":"１・２・３・４階","admissionFeeNote":null,"type":"飲み口型","sourceId":"tokyowater-drinking-stations"}},{"type":"Feature","geometry":{"type":"Point","coordinates":[139.71001,35.67804]},"properties":{"name":"千駄ヶ谷社会教育館","address":"渋谷区千駄ヶ谷１－６－５","location":"地下１階・１・２・３階","admissionFeeNote":null,"type":"飲み口型","sourceId":"tokyowater-drinking-stations"}},{"type":"Feature","geometry":{"type":"Point","coordinates":[139.71217,35.67936]},"properties":{"name":"東京体育館","address":"渋谷区千駄ヶ谷１－１７－１","location":"プール棟","admissionFeeNote":"有料","type":"ボトルディスペンサー型・飲み口型","sourceId":"tokyowater-drinking-stations"}},{"type":"Feature","geometry":{"type":"Point","coordinates":[139.68221,35.67532]},"properties":{"name":"総合ケアコミュニティ・せせらぎ","address":"渋谷区西原１－４０－１０","location":"１・２階階段踊り場・２階正面玄関ＥＶ横","admissionFeeNote":null,"type":"飲み口型","sourceId":"tokyowater-drinking-stations"}},{"type":"Feature","geometry":{"type":"Point","coordinates":[139.67783,35.67524]},"properties":{"name":"西原図書館","address":"渋谷区西原２－２８－９","location":"２階検索機付近","admissionFeeNote":null,"type":"飲み口型","sourceId":"tokyowater-drinking-stations"}},{"type":"Feature","geometry":{"type":"Point","coordinates":[139.68501,35.67931]},"properties":{"name":"初台青年館","address":"渋谷区初台１ー３３ー１０","location":"４階","admissionFeeNote":null,"type":"飲み口型","sourceId":"tokyowater-drinking-stations"}},{"type":"Feature","geometry":{"type":"Point","coordinates":[139.67787,35.67997]},"properties":{"name":"幡ヶ谷社会教育館（一時使用休止中）","address":"渋谷区幡ヶ谷２－５０－２","location":"２・４階","admissionFeeNote":null,"type":"飲み口型","sourceId":"tokyowater-drinking-stations"}},{"type":"Feature","geometry":{"type":"Point","coordinates":[139.70966,35.65636]},"properties":{"name":"渋谷図書館","address":"渋谷区東１－６－６","location":"地下１階トイレ前・２階こども室入口","admissionFeeNote":null,"type":"飲み口型","sourceId":"tokyowater-drinking-stations"}},{"type":"Feature","geometry":{"type":"Point","coordinates":[139.70737,35.65496]},"properties":{"name":"リフレッシュ氷川","address":"渋谷区東１－２６－２３","location":"地下１階・３階","admissionFeeNote":null,"type":"飲み口型","sourceId":"tokyowater-drinking-stations"}},{"type":"Feature","geometry":{"type":"Point","coordinates":[139.70973,35.65112]},"properties":{"name":"ひがし健康プラザ","address":"渋谷区東３－１４－１３","location":"地下２階・地下１階・１・２階","admissionFeeNote":null,"type":"飲み口型","sourceId":"tokyowater-drinking-stations"}},{"type":"Feature","geometry":{"type":"Point","coordinates":[139.71669,35.64917]},"properties":{"name":"臨川みんなの図書館","address":"渋谷区広尾１－９－１７","location":"１階第３閲覧室廊下","admissionFeeNote":null,"type":"飲み口型","sourceId":"tokyowater-drinking-stations"}},{"type":"Feature","geometry":{"type":"Point","coordinates":[139.68161,35.68076]},"properties":{"name":"本町図書館","address":"渋谷区本町１－３３－５","location":"１階児童トイレ前、１階・２階一般トイレ前","admissionFeeNote":null,"type":"飲み口型","sourceId":"tokyowater-drinking-stations"}},{"type":"Feature","geometry":{"type":"Point","coordinates":[139.68138,35.68945]},"properties":{"name":"地域交流センター　二軒家","address":"渋谷区本町３ー３５ー４","location":"リラクゼーションルーム","admissionFeeNote":null,"type":"飲み口型","sourceId":"tokyowater-drinking-stations"}},{"type":"Feature","geometry":{"type":"Point","coordinates":[139.67931,35.68232]},"properties":{"name":"児童青少年センター","address":"渋谷区本町６－６－２","location":"Ｂ２階・Ｂ１階・１階各廊下・３階","admissionFeeNote":null,"type":"飲み口型","sourceId":"tokyowater-drinking-stations"}},{"type":"Feature","geometry":{"type":"Point","coordinates":[139.70178,35.68382]},"properties":{"name":"代々木駅（都営大江戸線）","address":"渋谷区代々木１－３５－５","location":"ホーム","admissionFeeNote":"有料","type":"飲み口型","sourceId":"tokyowater-drinking-stations"}},{"type":"Feature","geometry":{"type":"Point","coordinates":[139.69957,35.68591]},"properties":{"name":"新宿駅（都営大江戸線）","address":"渋谷区代々木２－１－１","location":"ホーム","admissionFeeNote":"有料","type":"飲み口型","sourceId":"tokyowater-drinking-stations"}},{"type":"Feature","geometry":{"type":"Point","coordinates":[139.70221,35.68774]},"properties":{"name":"東京観光情報センターバスタ新宿","address":"渋谷区千駄ヶ谷5-24-55","location":"バスタ新宿３階","admissionFeeNote":null,"type":"ボトルディスペンサー型","sourceId":"tokyowater-drinking-stations"}},{"type":"Feature","geometry":{"type":"Point","coordinates":[139.67323,35.72551]},"properties":{"name":"みずの塔ふれあいの家","address":"中野区江古田１－９－２４","location":"１階交流コーナー","admissionFeeNote":null,"type":"飲み口型","sourceId":"tokyowater-drinking-stations"}},{"type":"Feature","geometry":{"type":"Point","coordinates":[139.67111,35.73184]},"properties":{"name":"新江古田駅（都営大江戸線）","address":"中野区江原町２－２９－１３","location":"ホーム","admissionFeeNote":"有料","type":"飲み口型","sourceId":"tokyowater-drinking-stations"}},{"type":"Feature","geometry":{"type":"Point","coordinates":[139.63573,35.7223]},"properties":{"name":"鷺宮スポーツ・コミュニティプラザ","address":"中野区白鷺３－１－１３","location":"１階体育館","admissionFeeNote":null,"type":"ボトルディスペンサー型","sourceId":"tokyowater-drinking-stations"}},{"type":"Feature","geometry":{"type":"Point","coordinates":[139.68187,35.69766]},"properties":{"name":"中野坂上駅（都営大江戸線）","address":"中野区中央２－２－２８","location":"ホーム","admissionFeeNote":"有料","type":"飲み口型","sourceId":"tokyowater-drinking-stations"}},{"type":"Feature","geometry":{"type":"Point","coordinates":[139.67798,35.70167]},"properties":{"name":"水道局中野営業所","address":"中野区中野１－５－７","location":"１階","admissionFeeNote":null,"type":"飲み口型","sourceId":"tokyowater-drinking-stations"}},{"type":"Feature","geometry":{"type":"Point","coordinates":[139.677,35.70409]},"properties":{"name":"城山ふれあいの家","address":"中野区中野１－２０－４","location":"１階事務室前","admissionFeeNote":null,"type":"飲み口型","sourceId":"tokyowater-drinking-stations"}},{"type":"Feature","geometry":{"type":"Point","coordinates":[139.66261,35.70912]},"properties":{"name":"中野区役所","address":"中野区中野4-11-19","location":"１階","admissionFeeNote":null,"type":"ボトルディスペンサー型・飲み口型","sourceId":"tokyowater-drinking-stations"}},{"type":"Feature","geometry":{"type":"Point","coordinates":[139.66521,35.70926]},"properties":{"name":"中野区社会福祉会館","address":"中野区中野５－６８－７","location":"３、４階","admissionFeeNote":null,"type":"飲み口型","sourceId":"tokyowater-drinking-stations"}},{"type":"Feature","geometry":{"type":"Point","coordinates":[139.6828,35.70717]},"properties":{"name":"東中野駅（都営大江戸線）","address":"中野区東中野３－８－１６","location":"ホーム","admissionFeeNote":"有料","type":"飲み口型","sourceId":"tokyowater-drinking-stations"}},{"type":"Feature","geometry":{"type":"Point","coordinates":[139.66827,35.68792]},"properties":{"name":"南部スポーツ・コミュニティプラザ","address":"中野区弥生町５－１１－２６","location":"１階ロビー","admissionFeeNote":null,"type":"ボトルディスペンサー型","sourceId":"tokyowater-drinking-stations"}},{"type":"Feature","geometry":{"type":"Point","coordinates":[139.66228,35.71557]},"properties":{"name":"中野区立総合体育館","address":"中野区新井３－３７－７８","location":"１階エントランスロビー、１階メインアリーナ前、２階ラウンジ奥、３階トレーニングルーム内","admissionFeeNote":null,"type":"ボトルディスペンサー型・飲み口型","sourceId":"tokyowater-drinking-stations"}},{"type":"Feature","geometry":{"type":"Point","coordinates":[139.68262,35.70024]},"properties":{"name":"東部区民活動センター","address":"中野区中央２－１８－２１","location":"２階ロビー","admissionFeeNote":null,"type":"飲み口型","sourceId":"tokyowater-drinking-stations"}},{"type":"Feature","geometry":{"type":"Point","coordinates":[139.66731,35.70207]},"properties":{"name":"桃園区民活動センター","address":"中野区中央４－５７－１","location":"地下1階・1階ロビー","admissionFeeNote":null,"type":"飲み口型","sourceId":"tokyowater-drinking-stations"}},{"type":"Feature","geometry":{"type":"Point","coordinates":[139.67232,35.71163]},"properties":{"name":"上高田区民活動センター","address":"中野区上高田２－１１－１","location":"地下1階・1階・2階","admissionFeeNote":null,"type":"飲み口型","sourceId":"tokyowater-drinking-stations"}},{"type":"Feature","geometry":{"type":"Point","coordinates":[139.66371,35.71474]},"properties":{"name":"新井区民活動センター","address":"中野区新井３ー１１－４","location":"１・２階ロビー","admissionFeeNote":null,"type":"飲み口型","sourceId":"tokyowater-drinking-stations"}},{"type":"Feature","geometry":{"type":"Point","coordinates":[139.66972,35.72879]},"properties":{"name":"江古田区民活動センター","address":"中野区江原町２－３－１５","location":"１・２階ロビー","admissionFeeNote":null,"type":"飲み口型","sourceId":"tokyowater-drinking-stations"}},{"type":"Feature","geometry":{"type":"Point","coordinates":[139.65331,35.71838]},"properties":{"name":"野方区民活動センター","address":"中野区野方５－３ー１","location":"１・２・３階","admissionFeeNote":null,"type":"飲み口型","sourceId":"tokyowater-drinking-stations"}},{"type":"Feature","geometry":{"type":"Point","coordinates":[139.66783,35.69341]},"properties":{"name":"鍋横区民活動センター","address":"中野区本町５－４７－１３","location":"１階ロビー","admissionFeeNote":null,"type":"飲み口型","sourceId":"tokyowater-drinking-stations"}},{"type":"Feature","geometry":{"type":"Point","coordinates":[139.63985,35.72343]},"properties":{"name":"鷺宮区民活動センター","address":"中野区鷺宮３ー２２－５","location":"１階","admissionFeeNote":null,"type":"飲み口型","sourceId":"tokyowater-drinking-stations"}},{"type":"Feature","geometry":{"type":"Point","coordinates":[139.63293,35.73203]},"properties":{"name":"上鷺宮区民活動センター","address":"中野区上鷺宮3ー７－６","location":"１階ロビー","admissionFeeNote":null,"type":"飲み口型","sourceId":"tokyowater-drinking-stations"}},{"type":"Feature","geometry":{"type":"Point","coordinates":[139.66846,35.70449]},"properties":{"name":"中野区産業振興センター","address":"中野区中野２－１３－１４","location":"１階エントランスロビー","admissionFeeNote":null,"type":"飲み口型","sourceId":"tokyowater-drinking-stations"}},{"type":"Feature","geometry":{"type":"Point","coordinates":[139.65459,35.71736]},"properties":{"name":"野方図書館","address":"中野区野方3-19-5","location":"１階ロビー","admissionFeeNote":null,"type":"飲み口型","sourceId":"tokyowater-drinking-stations"}},{"type":"Feature","geometry":{"type":"Point","coordinates":[139.66577,35.68505]},"properties":{"name":"南台図書館","address":"中野区南台3-26-18","location":"1階入口横","admissionFeeNote":null,"type":"飲み口型","sourceId":"tokyowater-drinking-stations"}},{"type":"Feature","geometry":{"type":"Point","coordinates":[139.66896,35.72482]},"properties":{"name":"江古田図書館","address":"中野区江古田2-1-11","location":"1階入口横","admissionFeeNote":null,"type":"飲み口型","sourceId":"tokyowater-drinking-stations"}},{"type":"Feature","geometry":{"type":"Point","coordinates":[139.67455,35.71864]},"properties":{"name":"上高田図書館","address":"中野区上高田5-30-15","location":"２階エレベーター前","admissionFeeNote":null,"type":"飲み口型","sourceId":"tokyowater-drinking-stations"}},{"type":"Feature","geometry":{"type":"Point","coordinates":[139.68387,35.69867]},"properties":{"name":"中野東図書館","address":"中野区中央1-41-2","location":"7階・8階・9階　階段横","admissionFeeNote":null,"type":"飲み口型","sourceId":"tokyowater-drinking-stations"}},{"type":"Feature","geometry":{"type":"Point","coordinates":[139.67006,35.68719]},"properties":{"name":"中央図書館みなみの小学校分室","address":"中野区弥生町4-27-11","location":"１階授乳室・トイレ前","admissionFeeNote":null,"type":"飲み口型","sourceId":"tokyowater-drinking-stations"}},{"type":"Feature","geometry":{"type":"Point","coordinates":[139.64516,35.71418]},"properties":{"name":"中央図書館美鳩小学校分室","address":"中野区大和町4-26-5","location":"１階エントランス","admissionFeeNote":null,"type":"飲み口型","sourceId":"tokyowater-drinking-stations"}},{"type":"Feature","geometry":{"type":"Point","coordinates":[139.67749,35.69577]},"properties":{"name":"中央図書館中野第一小学校分室","address":"中野区本町3-16-1","location":"１階書架横","admissionFeeNote":null,"type":"飲み口型","sourceId":"tokyowater-drinking-stations"}},{"type":"Feature","geometry":{"type":"Point","coordinates":[139.67844,35.71729]},"properties":{"name":"上高田運動施設","address":"中野区上高田5-6-1","location":"野球場（施設利用者のみ）","admissionFeeNote":null,"type":"飲み口型","sourceId":"tokyowater-drinking-stations"}},{"type":"Feature","geometry":{"type":"Point","coordinates":[139.67172,35.70445]},"properties":{"name":"もみじ山文化センター(本館)","address":"中野区中野2-9-7","location":"B2階身障者用トイレ前、B1階図書館トイレ前、B1階図書館児童コーナー","admissionFeeNote":null,"type":"飲み口型","sourceId":"tokyowater-drinking-stations"}},{"type":"Feature","geometry":{"type":"Point","coordinates":[139.67172,35.70445]},"properties":{"name":"もみじ山文化センター(本館)(※イベント来場者・主催者のみ）\"","address":"中野区中野2-9-7","location":"2階ホワイエ2、3階楽屋男子シャワー室前","admissionFeeNote":null,"type":"飲み口型","sourceId":"tokyowater-drinking-stations"}},{"type":"Feature","geometry":{"type":"Point","coordinates":[139.67172,35.70445]},"properties":{"name":"もみじ山文化センター(本館)（※ホール利用者のみ）\"","address":"中野区中野2-9-7","location":"3階ホワイエ3","admissionFeeNote":null,"type":"飲み口型","sourceId":"tokyowater-drinking-stations"}},{"type":"Feature","geometry":{"type":"Point","coordinates":[139.67172,35.70445]},"properties":{"name":"もみじ山文化センター(西館)","address":"中野区中野2-9-7","location":"B1階～4階の給湯室","admissionFeeNote":null,"type":"飲み口型","sourceId":"tokyowater-drinking-stations"}},{"type":"Feature","geometry":{"type":"Point","coordinates":[139.65331,35.71838]},"properties":{"name":"野方区民ホール","address":"中野区野方5-3-1","location":"B2階ホワイエ","admissionFeeNote":null,"type":"飲み口型","sourceId":"tokyowater-drinking-stations"}},{"type":"Feature","geometry":{"type":"Point","coordinates":[139.63338,35.71159]},"properties":{"name":"阿佐谷図書館","address":"杉並区阿佐谷北３－３６－１４","location":"１・２階","admissionFeeNote":null,"type":"飲み口型","sourceId":"tokyowater-drinking-stations"}},{"type":"Feature","geometry":{"type":"Point","coordinates":[139.64175,35.70608]},"properties":{"name":"阿佐谷地域区民センター","address":"杉並区阿佐谷北１－１－１","location":"1階","admissionFeeNote":null,"type":"飲み口型","sourceId":"tokyowater-drinking-stations"}},{"type":"Feature","geometry":{"type":"Point","coordinates":[139.64604,35.67538]},"properties":{"name":"水道局和泉合同庁舎","address":"杉並区和泉３－８－１０","location":"２階","admissionFeeNote":null,"type":"飲み口型","sourceId":"tokyowater-drinking-stations"}},{"type":"Feature","geometry":{"type":"Point","coordinates":[139.59978,35.71557]},"properties":{"name":"今川図書館","address":"杉並区今川４－１２－１０","location":"１階","admissionFeeNote":null,"type":"飲み口型","sourceId":"tokyowater-drinking-stations"}},{"type":"Feature","geometry":{"type":"Point","coordinates":[139.65404,35.69718]},"properties":{"name":"高円寺地域区民センター","address":"杉並区梅里１－２２－３２","location":"地下1階、1階、2階、3階","admissionFeeNote":null,"type":"ボトルディスペンサー型・飲み口型","sourceId":"tokyowater-drinking-stations"}},{"type":"Feature","geometry":{"type":"Point","coordinates":[139.64296,35.66817]},"properties":{"name":"永福PA上り","address":"杉並区永福１－５","location":"地下１階トイレ前","admissionFeeNote":"有料","type":"飲み口型","sourceId":"tokyowater-drinking-stations"}},{"type":"Feature","geometry":{"type":"Point","coordinates":[139.61908,35.69835]},"properties":{"name":"荻窪地域区民センター","address":"杉並区荻窪２－３４－２０","location":"地下２階廊下・２階廊下","admissionFeeNote":null,"type":"飲み口型","sourceId":"tokyowater-drinking-stations"}},{"type":"Feature","geometry":{"type":"Point","coordinates":[139.62665,35.70175]},"properties":{"name":"中央図書館","address":"杉並区荻窪３－４０－２３","location":"１階・２階","admissionFeeNote":null,"type":"飲み口型","sourceId":"tokyowater-drinking-stations"}},{"type":"Feature","geometry":{"type":"Point","coordinates":[139.62616,35.70299]},"properties":{"name":"荻窪体育館","address":"杉並区荻窪３－４７－２","location":"地下１階自動販売機前・１階武道館入口","admissionFeeNote":null,"type":"飲み口型","sourceId":"tokyowater-drinking-stations"}},{"type":"Feature","geometry":{"type":"Point","coordinates":[139.61208,35.72013]},"properties":{"name":"柿木図書館","address":"杉並区上井草１－６－１３","location":"１階","admissionFeeNote":null,"type":"飲み口型","sourceId":"tokyowater-drinking-stations"}},{"type":"Feature","geometry":{"type":"Point","coordinates":[139.60193,35.72386]},"properties":{"name":"上井草スポーツセンター","address":"杉並区上井草３－３４－１","location":"地下１階・１階廊下","admissionFeeNote":null,"type":"飲み口型","sourceId":"tokyowater-drinking-stations"}},{"type":"Feature","geometry":{"type":"Point","coordinates":[139.59929,35.68674]},"properties":{"name":"久我山会館","address":"杉並区久我山３－２３－２０","location":"１階ロビー","admissionFeeNote":null,"type":"飲み口型","sourceId":"tokyowater-drinking-stations"}},{"type":"Feature","geometry":{"type":"Point","coordinates":[139.65041,35.70089]},"properties":{"name":"高円寺図書館","address":"杉並区高円寺南２－４０－２４","location":"２階","admissionFeeNote":null,"type":"ボトルディスペンサー型・飲み口型","sourceId":"tokyowater-drinking-stations"}},{"type":"Feature","geometry":{"type":"Point","coordinates":[139.65408,35.70017]},"properties":{"name":"高円寺体育館","address":"杉並区高円寺南２－３６－３１","location":"２階廊下身障者用トイレ前","admissionFeeNote":null,"type":"飲み口型","sourceId":"tokyowater-drinking-stations"}},{"type":"Feature","geometry":{"type":"Point","coordinates":[139.6178,35.71828]},"properties":{"name":"妙正寺体育館","address":"杉並区清水３－２０－１２","location":"地下１階・１階廊下","admissionFeeNote":null,"type":"ボトルディスペンサー型・飲み口型","sourceId":"tokyowater-drinking-stations"}},{"type":"Feature","geometry":{"type":"Point","coordinates":[139.62444,35.71226]},"properties":{"name":"コミュニティふらっと本天沼","address":"杉並区本天沼２－１２－１０","location":"１階","admissionFeeNote":null,"type":"飲み口型","sourceId":"tokyowater-drinking-stations"}},{"type":"Feature","geometry":{"type":"Point","coordinates":[139.62975,35.68054]},"properties":{"name":"浜田山会館","address":"杉並区浜田山１－３６－３","location":"１階","admissionFeeNote":null,"type":"飲み口型","sourceId":"tokyowater-drinking-stations"}},{"type":"Feature","geometry":{"type":"Point","coordinates":[139.64604,35.67538]},"properties":{"name":"永福和泉地域区民センター","address":"杉並区和泉３－８－１８","location":"地下１階","admissionFeeNote":null,"type":"飲み口型","sourceId":"tokyowater-drinking-stations"}},{"type":"Feature","geometry":{"type":"Point","coordinates":[139.62323,35.72102]},"properties":{"name":"下井草図書館","address":"杉並区下井草３－２６－５","location":"１・２階","admissionFeeNote":null,"type":"飲み口型","sourceId":"tokyowater-drinking-stations"}},{"type":"Feature","geometry":{"type":"Point","coordinates":[139.61665,35.72094]},"properties":{"name":"井草地域区民センター","address":"杉並区下井草５－７－２２","location":"地下１階廊下・１階廊下・２階廊下","admissionFeeNote":null,"type":"飲み口型","sourceId":"tokyowater-drinking-stations"}},{"type":"Feature","geometry":{"type":"Point","coordinates":[139.62056,35.71005]},"properties":{"name":"ウェルファーム杉並","address":"杉並区天沼３－１９－１６","location":"１階、２階、３階","admissionFeeNote":null,"type":"ボトルディスペンサー型・飲み口型","sourceId":"tokyowater-drinking-stations"}},{"type":"Feature","geometry":{"type":"Point","coordinates":[139.62289,35.67997]},"properties":{"name":"高井戸図書館","address":"杉並区高井戸東１－２８－１","location":"１・２階","admissionFeeNote":null,"type":"飲み口型","sourceId":"tokyowater-drinking-stations"}},{"type":"Feature","geometry":{"type":"Point","coordinates":[139.61595,35.68345]},"properties":{"name":"高井戸地域区民センター","address":"杉並区高井戸東３－７－５","location":"１・３階","admissionFeeNote":null,"type":"飲み口型","sourceId":"tokyowater-drinking-stations"}},{"type":"Feature","geometry":{"type":"Point","coordinates":[139.63747,35.69497]},"properties":{"name":"成田図書館","address":"杉並区成田東３－２８－５","location":"１階","admissionFeeNote":null,"type":"飲み口型","sourceId":"tokyowater-drinking-stations"}},{"type":"Feature","geometry":{"type":"Point","coordinates":[139.60608,35.70779]},"properties":{"name":"西荻図書館","address":"杉並区西荻北２－３３－９","location":null,"admissionFeeNote":null,"type":"飲み口型","sourceId":"tokyowater-drinking-stations"}},{"type":"Feature","geometry":{"type":"Point","coordinates":[139.66002,35.67975]},"properties":{"name":"方南図書館","address":"杉並区方南１－５１－２","location":null,"admissionFeeNote":null,"type":"飲み口型","sourceId":"tokyowater-drinking-stations"}},{"type":"Feature","geometry":{"type":"Point","coordinates":[139.60223,35.71249]},"properties":{"name":"西荻地域区民センター","address":"杉並区桃井４－３ー２","location":"地下2階","admissionFeeNote":null,"type":"飲み口型","sourceId":"tokyowater-drinking-stations"}},{"type":"Feature","geometry":{"type":"Point","coordinates":[139.64143,35.68541]},"properties":{"name":"松ノ木運動場","address":"杉並区松ノ木１－３－２２","location":"玄関ホール入口","admissionFeeNote":null,"type":"飲み口型","sourceId":"tokyowater-drinking-stations"}},{"type":"Feature","geometry":{"type":"Point","coordinates":[139.61443,35.69511]},"properties":{"name":"南荻窪図書館","address":"杉並区南荻窪１－１０－２","location":"１・２階","admissionFeeNote":null,"type":"飲み口型","sourceId":"tokyowater-drinking-stations"}},{"type":"Feature","geometry":{"type":"Point","coordinates":[139.61061,35.69693]},"properties":{"name":"大宮前体育館","address":"杉並区南荻窪２－１－１","location":"地下２階～１階","admissionFeeNote":null,"type":"飲み口型","sourceId":"tokyowater-drinking-stations"}},{"type":"Feature","geometry":{"type":"Point","coordinates":[139.59859,35.69304]},"properties":{"name":"宮前図書館","address":"杉並区宮前５－５－２７","location":"１階","admissionFeeNote":null,"type":"飲み口型","sourceId":"tokyowater-drinking-stations"}},{"type":"Feature","geometry":{"type":"Point","coordinates":[139.65559,35.69734]},"properties":{"name":"杉並第十小温水プール","address":"杉並区和田３－５５－４９","location":"地下１階受付","admissionFeeNote":null,"type":"飲み口型","sourceId":"tokyowater-drinking-stations"}},{"type":"Feature","geometry":{"type":"Point","coordinates":[139.63792,35.67857]},"properties":{"name":"永福図書館","address":"杉並区永福３－５１－１７","location":"２階","admissionFeeNote":null,"type":"ボトルディスペンサー型・飲み口型","sourceId":"tokyowater-drinking-stations"}},{"type":"Feature","geometry":{"type":"Point","coordinates":[139.73833,35.73335]},"properties":{"name":"巣鴨駅（都営三田線）","address":"豊島区巣鴨３－２７－７","location":"ホーム","admissionFeeNote":"有料","type":"飲み口型","sourceId":"tokyowater-drinking-stations"}},{"type":"Feature","geometry":{"type":"Point","coordinates":[139.70824,35.72988]},"properties":{"name":"東京芸術劇場","address":"豊島区西池袋１－８－１","location":"地下１階・２・３・５・７・８・９階","admissionFeeNote":"一部除き有料","type":"飲み口型","sourceId":"tokyowater-drinking-stations"}},{"type":"Feature","geometry":{"type":"Point","coordinates":[139.72829,35.74365]},"properties":{"name":"西巣鴨駅（都営三田線）","address":"豊島区西巣鴨３－２５－１３","location":"ホーム","admissionFeeNote":"有料","type":"飲み口型","sourceId":"tokyowater-drinking-stations"}},{"type":"Feature","geometry":{"type":"Point","coordinates":[139.71666,35.72607]},"properties":{"name":"豊島区役所本庁舎","address":"豊島区南池袋２－４５－１","location":"３階、４階","admissionFeeNote":null,"type":"飲み口型","sourceId":"tokyowater-drinking-stations"}},{"type":"Feature","geometry":{"type":"Point","coordinates":[139.74675,35.73686]},"properties":{"name":"豊島区立駒込図書館","address":"豊島区駒込２－２－２","location":"３階","admissionFeeNote":null,"type":"飲み口型","sourceId":"tokyowater-drinking-stations"}},{"type":"Feature","geometry":{"type":"Point","coordinates":[139.69933,35.72601]},"properties":{"name":"豊島区立目白図書館","address":"豊島区目白４－３１－８","location":"１階","admissionFeeNote":null,"type":"飲み口型","sourceId":"tokyowater-drinking-stations"}},{"type":"Feature","geometry":{"type":"Point","coordinates":[139.71704,35.73846]},"properties":{"name":"豊島区立上池袋図書館","address":"豊島区上池袋２－４５－１５","location":"１階","admissionFeeNote":null,"type":"飲み口型","sourceId":"tokyowater-drinking-stations"}},{"type":"Feature","geometry":{"type":"Point","coordinates":[139.73347,35.73415]},"properties":{"name":"豊島区立巣鴨図書館","address":"豊島区巣鴨３－８－２","location":"１階","admissionFeeNote":null,"type":"飲み口型","sourceId":"tokyowater-drinking-stations"}},{"type":"Feature","geometry":{"type":"Point","coordinates":[139.70824,35.72988]},"properties":{"name":"東京芸術劇場","address":"豊島区西池袋１－８－１","location":"１階劇場通り側出入口付近","admissionFeeNote":null,"type":"ボトルディスペンサー型","sourceId":"tokyowater-drinking-stations"}},{"type":"Feature","geometry":{"type":"Point","coordinates":[139.73009,35.75856]},"properties":{"name":"十条台小学校温水プール","address":"北区中十条１－５－６","location":"１階","admissionFeeNote":null,"type":"飲み口型","sourceId":"tokyowater-drinking-stations"}},{"type":"Feature","geometry":{"type":"Point","coordinates":[139.78397,35.73956]},"properties":{"name":"ゆいの森あらかわ","address":"荒川区荒川２－５０－１","location":"２階","admissionFeeNote":null,"type":"飲み口型","sourceId":"tokyowater-drinking-stations"}},{"type":"Feature","geometry":{"type":"Point","coordinates":[139.78207,35.74184]},"properties":{"name":"町屋文化センター","address":"荒川区荒川７－２０－１","location":"２階","admissionFeeNote":null,"type":"飲み口型","sourceId":"tokyowater-drinking-stations"}},{"type":"Feature","geometry":{"type":"Point","coordinates":[139.78694,35.73946]},"properties":{"name":"荒川さつき会館","address":"荒川区荒川８－１６－１３","location":"１階","admissionFeeNote":null,"type":"飲み口型","sourceId":"tokyowater-drinking-stations"}},{"type":"Feature","geometry":{"type":"Point","coordinates":[139.76884,35.74841]},"properties":{"name":"男女平等推進センター","address":"荒川区東尾久5－9－3","location":"地下２階","admissionFeeNote":null,"type":"飲み口型","sourceId":"tokyowater-drinking-stations"}},{"type":"Feature","geometry":{"type":"Point","coordinates":[139.77478,35.7312]},"properties":{"name":"日暮里図書館","address":"荒川区東日暮里６－３８－４","location":"地下１階・１階","admissionFeeNote":null,"type":"飲み口型","sourceId":"tokyowater-drinking-stations"}},{"type":"Feature","geometry":{"type":"Point","coordinates":[139.77882,35.75109]},"properties":{"name":"町屋図書館","address":"荒川区町屋５－１１－１８","location":"２階","admissionFeeNote":null,"type":"飲み口型","sourceId":"tokyowater-drinking-stations"}},{"type":"Feature","geometry":{"type":"Point","coordinates":[139.79369,35.73835]},"properties":{"name":"水道局東部第二支所","address":"荒川区南千住６－４０－１","location":"１階","admissionFeeNote":null,"type":"飲み口型","sourceId":"tokyowater-drinking-stations"}},{"type":"Feature","geometry":{"type":"Point","coordinates":[139.79541,35.73741]},"properties":{"name":"南千住図書館","address":"荒川区南千住６－６３－１","location":"１・２階","admissionFeeNote":null,"type":"飲み口型","sourceId":"tokyowater-drinking-stations"}},{"type":"Feature","geometry":{"type":"Point","coordinates":[139.7729,35.75115]},"properties":{"name":"東京都立大学　荒川キャンパス","address":"荒川区東尾久７－２－１０","location":"食堂・喫茶室","admissionFeeNote":null,"type":"ボトルディスペンサー型","sourceId":"tokyowater-drinking-stations"}},{"type":"Feature","geometry":{"type":"Point","coordinates":[139.64198,35.77808]},"properties":{"name":"赤塚体育館","address":"板橋区赤塚５－６－１","location":"体育館棟２階・プール棟地下２階・少年運動場","admissionFeeNote":null,"type":"飲み口型","sourceId":"tokyowater-drinking-stations"}},{"type":"Feature","geometry":{"type":"Point","coordinates":[139.6449,35.77878]},"properties":{"name":"赤塚図書館","address":"板橋区赤塚６－３８－１","location":"児童室側入口","admissionFeeNote":null,"type":"飲み口型","sourceId":"tokyowater-drinking-stations"}},{"type":"Feature","geometry":{"type":"Point","coordinates":[139.69684,35.77983]},"properties":{"name":"小豆沢体育館","address":"板橋区小豆沢３－１－１","location":"体育棟１階ロビー・２階トレーニング室前・プール棟１Ｆ・プール棟Ｂ１Ｆ","admissionFeeNote":null,"type":"飲み口型","sourceId":"tokyowater-drinking-stations"}},{"type":"Feature","geometry":{"type":"Point","coordinates":[139.68091,35.76317]},"properties":{"name":"中央図書館","address":"板橋区常盤台４－３―１","location":"１階予約受取コーナー脇、３階携帯電話ブース前","admissionFeeNote":null,"type":"ボトルディスペンサー型・飲み口型","sourceId":"tokyowater-drinking-stations"}},{"type":"Feature","geometry":{"type":"Point","coordinates":[139.66884,35.77402]},"properties":{"name":"西台図書館","address":"板橋区西台３－１３－２","location":"１階","admissionFeeNote":null,"type":"飲み口型","sourceId":"tokyowater-drinking-stations"}},{"type":"Feature","geometry":{"type":"Point","coordinates":[139.72041,35.7478]},"properties":{"name":"新板橋駅（都営三田線）","address":"板橋区板橋１－５３－１７","location":"ホーム","admissionFeeNote":"有料","type":"飲み口型","sourceId":"tokyowater-drinking-stations"}},{"type":"Feature","geometry":{"type":"Point","coordinates":[139.70912,35.75111]},"properties":{"name":"板橋区役所前駅（都営三田線）","address":"板橋区板橋２－６６－１７","location":"ホーム","admissionFeeNote":"有料","type":"飲み口型","sourceId":"tokyowater-drinking-stations"}},{"type":"Feature","geometry":{"type":"Point","coordinates":[139.7159,35.75391]},"properties":{"name":"東板橋図書館","address":"板橋区加賀１－１０－１５","location":"１・２階","admissionFeeNote":null,"type":"ボトルディスペンサー型・飲み口型","sourceId":"tokyowater-drinking-stations"}},{"type":"Feature","geometry":{"type":"Point","coordinates":[139.7159,35.75391]},"properties":{"name":"植村記念加賀スポーツセンター","address":"板橋区加賀１－１０－５","location":"地下１階通路・１階自動販売機横・１階プール場内・２階トレーニング受付前","admissionFeeNote":null,"type":"飲み口型","sourceId":"tokyowater-drinking-stations"}},{"type":"Feature","geometry":{"type":"Point","coordinates":[139.68089,35.74556]},"properties":{"name":"小茂根図書館","address":"板橋区小茂根１－６－２","location":"１階児童コーナー子ども用トイレ入口","admissionFeeNote":null,"type":"飲み口型","sourceId":"tokyowater-drinking-stations"}},{"type":"Feature","geometry":{"type":"Point","coordinates":[139.67569,35.75707]},"properties":{"name":"上板橋体育館","address":"板橋区桜川１－３－１","location":"１階ロビー・１階屋内プール内・２階トレーニングルーム内","admissionFeeNote":null,"type":"ボトルディスペンサー型・飲み口型","sourceId":"tokyowater-drinking-stations"}},{"type":"Feature","geometry":{"type":"Point","coordinates":[139.69466,35.77593]},"properties":{"name":"志村坂上駅（都営三田線）","address":"板橋区志村１－１４－１３","location":"ホーム","admissionFeeNote":"有料","type":"飲み口型","sourceId":"tokyowater-drinking-stations"}},{"type":"Feature","geometry":{"type":"Point","coordinates":[139.68617,35.77758]},"properties":{"name":"志村三丁目駅（都営三田線）","address":"板橋区志村３－２３－１","location":"ホーム","admissionFeeNote":"有料","type":"飲み口型","sourceId":"tokyowater-drinking-stations"}},{"type":"Feature","geometry":{"type":"Point","coordinates":[139.64566,35.79191]},"properties":{"name":"西高島平駅（都営三田線）","address":"板橋区高島平６－１","location":"ホーム","admissionFeeNote":"有料","type":"飲み口型","sourceId":"tokyowater-drinking-stations"}},{"type":"Feature","geometry":{"type":"Point","coordinates":[139.65457,35.79013]},"properties":{"name":"新高島平駅（都営三田線）","address":"板橋区高島平７－１","location":"ホーム","admissionFeeNote":"有料","type":"飲み口型","sourceId":"tokyowater-drinking-stations"}},{"type":"Feature","geometry":{"type":"Point","coordinates":[139.66158,35.78877]},"properties":{"name":"高島平駅（都営三田線）","address":"板橋区高島平８－２－１","location":"ホーム","admissionFeeNote":"有料","type":"飲み口型","sourceId":"tokyowater-drinking-stations"}},{"type":"Feature","geometry":{"type":"Point","coordinates":[139.66425,35.79151]},"properties":{"name":"高島平温水プール","address":"板橋区高島平８－２８－１","location":"M2階プール・２階トレーニングルーム","admissionFeeNote":null,"type":"飲み口型","sourceId":"tokyowater-drinking-stations"}},{"type":"Feature","geometry":{"type":"Point","coordinates":[139.67033,35.78814]},"properties":{"name":"西台駅（都営三田線）","address":"板橋区高島平９－１－１","location":"ホーム","admissionFeeNote":"有料","type":"飲み口型","sourceId":"tokyowater-drinking-stations"}},{"type":"Feature","geometry":{"type":"Point","coordinates":[139.69638,35.75118]},"properties":{"name":"仲町地域センター","address":"板橋区仲町２０－５","location":"３階","admissionFeeNote":null,"type":"飲み口型","sourceId":"tokyowater-drinking-stations"}},{"type":"Feature","geometry":{"type":"Point","coordinates":[139.632378,35.778759]},"properties":{"name":"成増図書館","address":"板橋区成増３－１３－１\nアリエス3階","location":"３階","admissionFeeNote":null,"type":"ボトルディスペンサー型・飲み口型","sourceId":"tokyowater-drinking-stations"}},{"type":"Feature","geometry":{"type":"Point","coordinates":[139.70279,35.76841]},"properties":{"name":"本蓮沼駅（都営三田線）","address":"板橋区蓮沼町１９－８","location":"ホーム","admissionFeeNote":"有料","type":"飲み口型","sourceId":"tokyowater-drinking-stations"}},{"type":"Feature","geometry":{"type":"Point","coordinates":[139.67844,35.78458]},"properties":{"name":"蓮根駅（都営三田線）","address":"板橋区蓮根２－３１－３０","location":"ホーム","admissionFeeNote":"有料","type":"飲み口型","sourceId":"tokyowater-drinking-stations"}},{"type":"Feature","geometry":{"type":"Point","coordinates":[139.70499,35.75315]},"properties":{"name":"氷川図書館","address":"板橋区氷川町２８－９","location":"１階","admissionFeeNote":null,"type":"飲み口型","sourceId":"tokyowater-drinking-stations"}},{"type":"Feature","geometry":{"type":"Point","coordinates":[139.70752,35.75179]},"properties":{"name":"水道局板橋営業所","address":"板橋区氷川町３ー６","location":"１階","admissionFeeNote":null,"type":"飲み口型","sourceId":"tokyowater-drinking-stations"}},{"type":"Feature","geometry":{"type":"Point","coordinates":[139.70474,35.76138]},"properties":{"name":"板橋本町駅（都営三田線）","address":"板橋区大和町１７－１","location":"ホーム","admissionFeeNote":"有料","type":"飲み口型","sourceId":"tokyowater-drinking-stations"}},{"type":"Feature","geometry":{"type":"Point","coordinates":[139.58438,35.76524]},"properties":{"name":"大泉学園町体育館","address":"練馬区大泉学園町５－１４－２４","location":"地下１階（プール室内・トレーニング室前）・１階","admissionFeeNote":null,"type":"飲み口型","sourceId":"tokyowater-drinking-stations"}},{"type":"Feature","geometry":{"type":"Point","coordinates":[139.59282,35.76212]},"properties":{"name":"大泉運動場","address":"練馬区大泉町５－２４－１２","location":"管理棟１階","admissionFeeNote":null,"type":"飲み口型","sourceId":"tokyowater-drinking-stations"}},{"type":"Feature","geometry":{"type":"Point","coordinates":[139.58719,35.72274]},"properties":{"name":"上石神井体育館","address":"練馬区上石神井１－３２－３７","location":"地下２階（プール受付前・プール室内）・地下１階","admissionFeeNote":null,"type":"飲み口型","sourceId":"tokyowater-drinking-stations"}},{"type":"Feature","geometry":{"type":"Point","coordinates":[139.59406,35.73985]},"properties":{"name":"石神井松の風文化公園","address":"練馬区石神井台１－３３－４４","location":"管理棟１階","admissionFeeNote":null,"type":"飲み口型","sourceId":"tokyowater-drinking-stations"}},{"type":"Feature","geometry":{"type":"Point","coordinates":[139.57748,35.72493]},"properties":{"name":"関区民センター","address":"練馬区関町北１－７－２","location":"１・２・３階","admissionFeeNote":null,"type":"飲み口型","sourceId":"tokyowater-drinking-stations"}},{"type":"Feature","geometry":{"type":"Point","coordinates":[139.58139,35.72668]},"properties":{"name":"関保健相談所","address":"練馬区関町東１－２７－４","location":"１階","admissionFeeNote":null,"type":"飲み口型","sourceId":"tokyowater-drinking-stations"}},{"type":"Feature","geometry":{"type":"Point","coordinates":[139.61507,35.76854]},"properties":{"name":"土支田庭球場","address":"練馬区土支田４－３１－２４","location":"管理棟１階","admissionFeeNote":null,"type":"飲み口型","sourceId":"tokyowater-drinking-stations"}},{"type":"Feature","geometry":{"type":"Point","coordinates":[139.64851,35.72938]},"properties":{"name":"中村南スポーツ交流センター","address":"練馬区中村南１－２－３２","location":"地下１階・１・２階","admissionFeeNote":null,"type":"飲み口型","sourceId":"tokyowater-drinking-stations"}},{"type":"Feature","geometry":{"type":"Point","coordinates":[139.65247,35.7445]},"properties":{"name":"練馬総合運動場公園","address":"練馬区練馬２－２９－１０","location":"管理棟１階","admissionFeeNote":null,"type":"飲み口型","sourceId":"tokyowater-drinking-stations"}},{"type":"Feature","geometry":{"type":"Point","coordinates":[139.62857,35.76376]},"properties":{"name":"光が丘体育館","address":"練馬区光が丘４－１－４","location":"地下２階・１・２階","admissionFeeNote":null,"type":"飲み口型","sourceId":"tokyowater-drinking-stations"}},{"type":"Feature","geometry":{"type":"Point","coordinates":[139.66176,35.75933]},"properties":{"name":"平和台体育館","address":"練馬区平和台２－１２－５","location":"地下２階・地下１階","admissionFeeNote":null,"type":"飲み口型","sourceId":"tokyowater-drinking-stations"}},{"type":"Feature","geometry":{"type":"Point","coordinates":[139.60574,35.75686]},"properties":{"name":"三原台温水プール","address":"練馬区三原台２－１１－２９","location":"１階ロビー・プール室内","admissionFeeNote":null,"type":"飲み口型","sourceId":"tokyowater-drinking-stations"}},{"type":"Feature","geometry":{"type":"Point","coordinates":[139.58737,35.76055]},"properties":{"name":"大泉図書館","address":"練馬区大泉学園町２－２１－１７","location":"１・２階","admissionFeeNote":null,"type":"飲み口型","sourceId":"tokyowater-drinking-stations"}},{"type":"Feature","geometry":{"type":"Point","coordinates":[139.60976,35.76541]},"properties":{"name":"稲荷山図書館","address":"練馬区大泉町１－３－１８","location":"１階","admissionFeeNote":null,"type":"飲み口型","sourceId":"tokyowater-drinking-stations"}},{"type":"Feature","geometry":{"type":"Point","coordinates":[139.60388,35.7695]},"properties":{"name":"中里郷土の森緑地","address":"練馬区大泉町１－５１－２","location":"１階","admissionFeeNote":null,"type":"飲み口型","sourceId":"tokyowater-drinking-stations"}},{"type":"Feature","geometry":{"type":"Point","coordinates":[139.64937,35.7577]},"properties":{"name":"北保健相談所","address":"練馬区北町６－３５－７","location":"1階ロビー","admissionFeeNote":null,"type":"飲み口型","sourceId":"tokyowater-drinking-stations"}},{"type":"Feature","geometry":{"type":"Point","coordinates":[139.67566,35.74221]},"properties":{"name":"小竹図書館","address":"練馬区小竹町２－４３－１","location":"１階フロア","admissionFeeNote":null,"type":"飲み口型","sourceId":"tokyowater-drinking-stations"}},{"type":"Feature","geometry":{"type":"Point","coordinates":[139.59891,35.73642]},"properties":{"name":"石神井図書館","address":"練馬区石神井台１－１６－３１","location":"１階ロビー","admissionFeeNote":null,"type":"飲み口型","sourceId":"tokyowater-drinking-stations"}},{"type":"Feature","geometry":{"type":"Point","coordinates":[139.60725,35.74355]},"properties":{"name":"石神井公園区民交流センター（令和７年５月から９月まで使用休止）","address":"練馬区石神井町２－１４－１","location":"２・３階ロビー","admissionFeeNote":null,"type":"飲み口型","sourceId":"tokyowater-drinking-stations"}},{"type":"Feature","geometry":{"type":"Point","coordinates":[139.60123,35.74611]},"properties":{"name":"男女共同参画センターえーる","address":"練馬区石神井町８－１－１０","location":"２階給湯室・３階給湯室","admissionFeeNote":null,"type":"飲み口型","sourceId":"tokyowater-drinking-stations"}},{"type":"Feature","geometry":{"type":"Point","coordinates":[139.58051,35.72154]},"properties":{"name":"関町図書館","address":"練馬区関町南３－１１－２","location":"２階","admissionFeeNote":null,"type":"飲み口型","sourceId":"tokyowater-drinking-stations"}},{"type":"Feature","geometry":{"type":"Point","coordinates":[139.65469,35.737]},"properties":{"name":"練馬駅（都営大江戸線）","address":"練馬区豊玉北５－１７－１２","location":"ホーム","admissionFeeNote":"有料","type":"飲み口型","sourceId":"tokyowater-drinking-stations"}},{"type":"Feature","geometry":{"type":"Point","coordinates":[139.65131,35.73376]},"properties":{"name":"練馬図書館\n（生涯学習センター併設）","address":"練馬区豊玉北６－８－１","location":"１階","admissionFeeNote":null,"type":"飲み口型","sourceId":"tokyowater-drinking-stations"}},{"type":"Feature","geometry":{"type":"Point","coordinates":[139.6478,35.73526]},"properties":{"name":"水道局練馬営業所","address":"練馬区中村北１－９－４","location":"１階","admissionFeeNote":null,"type":"飲み口型","sourceId":"tokyowater-drinking-stations"}},{"type":"Feature","geometry":{"type":"Point","coordinates":[139.63617,35.73722]},"properties":{"name":"貫井図書館","address":"練馬区貫井１－３６－１６","location":"１階だれでもトイレ前","admissionFeeNote":null,"type":"飲み口型","sourceId":"tokyowater-drinking-stations"}},{"type":"Feature","geometry":{"type":"Point","coordinates":[139.63617,35.73722]},"properties":{"name":"サンライフ練馬","address":"練馬区貫井１－３６－１８","location":"１階更衣室前・３階ロビー","admissionFeeNote":null,"type":"飲み口型","sourceId":"tokyowater-drinking-stations"}},{"type":"Feature","geometry":{"type":"Point","coordinates":[139.6487,35.74168]},"properties":{"name":"豊島園駅（都営大江戸線）","address":"練馬区練馬４－１４－１７","location":"ホーム","admissionFeeNote":"有料","type":"飲み口型","sourceId":"tokyowater-drinking-stations"}},{"type":"Feature","geometry":{"type":"Point","coordinates":[139.64807,35.7569]},"properties":{"name":"春日町リサイクルセンター","address":"練馬区春日町２－１４－１６","location":"１階コミュニティーコーナー","admissionFeeNote":null,"type":"飲み口型","sourceId":"tokyowater-drinking-stations"}},{"type":"Feature","geometry":{"type":"Point","coordinates":[139.64053,35.7508]},"properties":{"name":"練馬春日町駅（都営大江戸線）","address":"練馬区春日町３－２９－２５","location":"ホーム","admissionFeeNote":"有料","type":"飲み口型","sourceId":"tokyowater-drinking-stations"}},{"type":"Feature","geometry":{"type":"Point","coordinates":[139.64049,35.75499]},"properties":{"name":"春日町青少年館","address":"練馬区春日町４－１６－９","location":"１・３階","admissionFeeNote":null,"type":"飲み口型","sourceId":"tokyowater-drinking-stations"}},{"type":"Feature","geometry":{"type":"Point","coordinates":[139.63905,35.751485]},"properties":{"name":"春日町図書館","address":"練馬区春日町５－３１－２－２０１\nエリム春日町２階","location":"ラウンジ・児童コーナー","admissionFeeNote":null,"type":"飲み口型","sourceId":"tokyowater-drinking-stations"}},{"type":"Feature","geometry":{"type":"Point","coordinates":[139.58743,35.74857]},"properties":{"name":"勤労福祉会館","address":"練馬区東大泉５－４０－３６","location":"１階トレーニング室前・２階料理室前","admissionFeeNote":null,"type":"飲み口型","sourceId":"tokyowater-drinking-stations"}},{"type":"Feature","geometry":{"type":"Point","coordinates":[139.63036,35.75914]},"properties":{"name":"光が丘駅（都営大江戸線）","address":"練馬区光が丘２－９－５","location":"ホーム","admissionFeeNote":"有料","type":"飲み口型","sourceId":"tokyowater-drinking-stations"}},{"type":"Feature","geometry":{"type":"Point","coordinates":[139.63036,35.75914]},"properties":{"name":"光が丘区民センター","address":"練馬区光が丘２－９－６","location":"３階","admissionFeeNote":null,"type":"飲み口型","sourceId":"tokyowater-drinking-stations"}},{"type":"Feature","geometry":{"type":"Point","coordinates":[139.62857,35.76376]},"properties":{"name":"光が丘図書館","address":"練馬区光が丘４－１－５","location":"１階入口","admissionFeeNote":null,"type":"飲み口型","sourceId":"tokyowater-drinking-stations"}},{"type":"Feature","geometry":{"type":"Point","coordinates":[139.66493,35.7601]},"properties":{"name":"平和台図書館","address":"練馬区平和台１－３６－１７","location":"１階休憩コーナー・２階こどもコーナー","admissionFeeNote":null,"type":"飲み口型","sourceId":"tokyowater-drinking-stations"}},{"type":"Feature","geometry":{"type":"Point","coordinates":[139.57523,35.74357]},"properties":{"name":"南大泉青少年館","address":"練馬区南大泉１－４４－７","location":"談話ホール","admissionFeeNote":null,"type":"飲み口型","sourceId":"tokyowater-drinking-stations"}},{"type":"Feature","geometry":{"type":"Point","coordinates":[139.57523,35.74357]},"properties":{"name":"南大泉図書館","address":"練馬区南大泉１－４４－７","location":"１階エントランスホール・２階青少年館","admissionFeeNote":null,"type":"飲み口型","sourceId":"tokyowater-drinking-stations"}},{"type":"Feature","geometry":{"type":"Point","coordinates":[139.57021,35.74123]},"properties":{"name":"こどもと本のひろば","address":"練馬区南大泉３－１７－２０","location":"１・２階","admissionFeeNote":null,"type":"飲み口型","sourceId":"tokyowater-drinking-stations"}},{"type":"Feature","geometry":{"type":"Point","coordinates":[139.61101,35.7372]},"properties":{"name":"南田中図書館","address":"練馬区南田中５－１５－２２","location":"１階","admissionFeeNote":null,"type":"飲み口型","sourceId":"tokyowater-drinking-stations"}},{"type":"Feature","geometry":{"type":"Point","coordinates":[139.57748,35.72493]},"properties":{"name":"関町リサイクルセンター","address":"関町北１－７－１４","location":"２階給湯室前","admissionFeeNote":null,"type":"飲み口型","sourceId":"tokyowater-drinking-stations"}},{"type":"Feature","geometry":{"type":"Point","coordinates":[139.66026,35.73721]},"properties":{"name":"豊玉リサイクルセンター","address":"豊玉上２－２２－１５","location":"１階事務室脇","admissionFeeNote":null,"type":"飲み口型","sourceId":"tokyowater-drinking-stations"}},{"type":"Feature","geometry":{"type":"Point","coordinates":[139.59079,35.763]},"properties":{"name":"大泉リサイクルセンター","address":"大泉学園町１－３４－１０","location":"１階コミュニティコーナー","admissionFeeNote":null,"type":"飲み口型","sourceId":"tokyowater-drinking-stations"}},{"type":"Feature","geometry":{"type":"Point","coordinates":[139.63617,35.73722]},"properties":{"name":"練馬区立美術館","address":"東京都練馬区貫井1－36－16","location":"２階","admissionFeeNote":null,"type":"飲み口型","sourceId":"tokyowater-drinking-stations"}},{"type":"Feature","geometry":{"type":"Point","coordinates":[139.65359,35.73934]},"properties":{"name":"練馬文化センター","address":"練馬区練馬１－１７－３７","location":"１階","admissionFeeNote":null,"type":"飲み口型","sourceId":"tokyowater-drinking-stations"}},{"type":"Feature","geometry":{"type":"Point","coordinates":[139.59967,35.73729]},"properties":{"name":"石神井公園ふるさと文化館","address":"練馬区石神井町５－１２－１６","location":"1階","admissionFeeNote":null,"type":"飲み口型","sourceId":"tokyowater-drinking-stations"}},{"type":"Feature","geometry":{"type":"Point","coordinates":[139.66554,35.74545]},"properties":{"name":"桜台体育館","address":"練馬区桜台3-28-1","location":"１階ロビー","admissionFeeNote":null,"type":"飲み口型","sourceId":"tokyowater-drinking-stations"}},{"type":"Feature","geometry":{"type":"Point","coordinates":[139.62857,35.76376]},"properties":{"name":"光が丘体育館","address":"練馬区光が丘4-1-4","location":"２階、１階、地下２階","admissionFeeNote":null,"type":"飲み口型","sourceId":"tokyowater-drinking-stations"}},{"type":"Feature","geometry":{"type":"Point","coordinates":[139.5984,35.75703]},"properties":{"name":"びくに公園庭球場","address":"練馬区東大泉２ー２８ー３１","location":"管理棟屋外","admissionFeeNote":null,"type":"飲み口型","sourceId":"tokyowater-drinking-stations"}},{"type":"Feature","geometry":{"type":"Point","coordinates":[139.59723,35.76741]},"properties":{"name":"北大泉野球場","address":"練馬区大泉町3-31-44","location":"管理事務所前","admissionFeeNote":null,"type":"飲み口型","sourceId":"tokyowater-drinking-stations"}},{"type":"Feature","geometry":{"type":"Point","coordinates":[139.59853,35.77479]},"properties":{"name":"大泉さくら運動公園","address":"練馬区大泉学園町9-4-5","location":"管理事務所前","admissionFeeNote":null,"type":"飲み口型","sourceId":"tokyowater-drinking-stations"}},{"type":"Feature","geometry":{"type":"Point","coordinates":[139.58954,35.77771]},"properties":{"name":"希望が丘公園多目的運動場","address":"練馬区大泉学園町９丁目１-２","location":"管理事務所前","admissionFeeNote":null,"type":"飲み口型","sourceId":"tokyowater-drinking-stations"}},{"type":"Feature","geometry":{"type":"Point","coordinates":[139.60115,35.7443]},"properties":{"name":"石神井保健相談所","address":"練馬区石神井町７－３－２８","location":"１階","admissionFeeNote":null,"type":"飲み口型","sourceId":"tokyowater-drinking-stations"}},{"type":"Feature","geometry":{"type":"Point","coordinates":[139.80502,35.77512]},"properties":{"name":"足立区役所本庁舎","address":"足立区中央本町１－１７－１","location":"中央館１階","admissionFeeNote":null,"type":"ボトルディスペンサー型","sourceId":"tokyowater-drinking-stations"}},{"type":"Feature","geometry":{"type":"Point","coordinates":[139.78085,35.79097]},"properties":{"name":"伊興地域学習センター","address":"足立区伊興２－４－２２","location":"１・２・３階","admissionFeeNote":null,"type":"ボトルディスペンサー型","sourceId":"tokyowater-drinking-stations"}},{"type":"Feature","geometry":{"type":"Point","coordinates":[139.79814,35.77062]},"properties":{"name":"梅田地域学習センター","address":"足立区梅田７－３３－１","location":"１・４階","admissionFeeNote":null,"type":"ボトルディスペンサー型","sourceId":"tokyowater-drinking-stations"}},{"type":"Feature","geometry":{"type":"Point","coordinates":[139.76054,35.77741]},"properties":{"name":"江北地域学習センター","address":"足立区江北３－３９－４","location":"１階ロビー・２階廊下","admissionFeeNote":null,"type":"ボトルディスペンサー型","sourceId":"tokyowater-drinking-stations"}},{"type":"Feature","geometry":{"type":"Point","coordinates":[139.78322,35.76864]},"properties":{"name":"興本体育館","address":"足立区興野１－１７－７","location":"１階廊下・２階トレーニングルーム内","admissionFeeNote":null,"type":"ボトルディスペンサー型","sourceId":"tokyowater-drinking-stations"}},{"type":"Feature","geometry":{"type":"Point","coordinates":[139.78073,35.76756]},"properties":{"name":"興本地域学習センター","address":"足立区興野１－１８－３８","location":"１階ロビー","admissionFeeNote":null,"type":"ボトルディスペンサー型","sourceId":"tokyowater-drinking-stations"}},{"type":"Feature","geometry":{"type":"Point","coordinates":[139.79071,35.7799]},"properties":{"name":"ギャラクシティ","address":"足立区栗原１－３－１","location":"１階事務室側トイレ入口","admissionFeeNote":null,"type":"ボトルディスペンサー型","sourceId":"tokyowater-drinking-stations"}},{"type":"Feature","geometry":{"type":"Point","coordinates":[139.74403,35.78199]},"properties":{"name":"都市農業公園","address":"足立区鹿浜２－４４－１","location":"都市農業交流館１階","admissionFeeNote":null,"type":"ボトルディスペンサー型","sourceId":"tokyowater-drinking-stations"}},{"type":"Feature","geometry":{"type":"Point","coordinates":[139.84047,35.78812]},"properties":{"name":"佐野地域学習センター","address":"足立区佐野２－４３－５","location":"２階","admissionFeeNote":null,"type":"ボトルディスペンサー型","sourceId":"tokyowater-drinking-stations"}},{"type":"Feature","geometry":{"type":"Point","coordinates":[139.802337,35.756448]},"properties":{"name":"中央図書館","address":"足立区千住５－１３－５\n（学びピア２１内）","location":"３階","admissionFeeNote":null,"type":"ボトルディスペンサー型","sourceId":"tokyowater-drinking-stations"}},{"type":"Feature","geometry":{"type":"Point","coordinates":[139.79488,35.79232]},"properties":{"name":"竹の塚地域学習センター","address":"足立区竹の塚２－２５－１７","location":"１階","admissionFeeNote":null,"type":"ボトルディスペンサー型","sourceId":"tokyowater-drinking-stations"}},{"type":"Feature","geometry":{"type":"Point","coordinates":[139.80748,35.77256]},"properties":{"name":"水道局足立営業所","address":"足立区中央本町３－８－２","location":"１階","admissionFeeNote":null,"type":"飲み口型","sourceId":"tokyowater-drinking-stations"}},{"type":"Feature","geometry":{"type":"Point","coordinates":[139.80959,35.77248]},"properties":{"name":"中央本町地域学習センター","address":"足立区中央本町３－１５－１","location":"１階","admissionFeeNote":null,"type":"ボトルディスペンサー型","sourceId":"tokyowater-drinking-stations"}},{"type":"Feature","geometry":{"type":"Point","coordinates":[139.77293,35.80633]},"properties":{"name":"舎人地域学習センター","address":"足立区舎人１－３－２６","location":"２階","admissionFeeNote":null,"type":"ボトルディスペンサー型","sourceId":"tokyowater-drinking-stations"}},{"type":"Feature","geometry":{"type":"Point","coordinates":[139.73824,35.77178]},"properties":{"name":"新田地域学習センター","address":"足立区新田２－２－２","location":"２階","admissionFeeNote":null,"type":"ボトルディスペンサー型","sourceId":"tokyowater-drinking-stations"}},{"type":"Feature","geometry":{"type":"Point","coordinates":[139.80721,35.80273]},"properties":{"name":"花畑地域学習センター","address":"足立区花畑４－１６－８","location":"１・２階","admissionFeeNote":null,"type":"ボトルディスペンサー型","sourceId":"tokyowater-drinking-stations"}},{"type":"Feature","geometry":{"type":"Point","coordinates":[139.80699,35.79312]},"properties":{"name":null,"address":"足立区保木間２－１７－１","location":"１階","admissionFeeNote":"有料","type":"ボトルディスペンサー型","sourceId":"tokyowater-drinking-stations"}},{"type":"Feature","geometry":{"type":"Point","coordinates":[139.81598,35.78644]},"properties":{"name":"保塚地域学習センター","address":"足立区保塚町７－１６","location":"１・２階","admissionFeeNote":null,"type":"ボトルディスペンサー型","sourceId":"tokyowater-drinking-stations"}},{"type":"Feature","geometry":{"type":"Point","coordinates":[139.75874,35.78397]},"properties":{"name":"鹿浜地域学習センター","address":"足立区鹿浜６－８－１","location":"１・２階","admissionFeeNote":null,"type":"ボトルディスペンサー型","sourceId":"tokyowater-drinking-stations"}},{"type":"Feature","geometry":{"type":"Point","coordinates":[139.80241,35.75647]},"properties":{"name":"足立区生涯学習センター","address":"足立区千住5-13-5","location":"1階ロビー","admissionFeeNote":null,"type":"ボトルディスペンサー型","sourceId":"tokyowater-drinking-stations"}},{"type":"Feature","geometry":{"type":"Point","coordinates":[139.8398,35.77142]},"properties":{"name":"東和地域学習センター","address":"足立区東和3-12-9","location":"1階受付前（廊下）、2階トレーニングルーム横（廊下）・体育館前","admissionFeeNote":null,"type":"ボトルディスペンサー型","sourceId":"tokyowater-drinking-stations"}},{"type":"Feature","geometry":{"type":"Point","coordinates":[139.78075,35.7789]},"properties":{"name":"西新井センター","address":"足立区西新井１－４－１７","location":"２階　悠々館エリア（廊下）","admissionFeeNote":null,"type":"ボトルディスペンサー型","sourceId":"tokyowater-drinking-stations"}},{"type":"Feature","geometry":{"type":"Point","coordinates":[139.79671,35.80355]},"properties":{"name":"悠々会館","address":"足立区西保木間四丁目９番１号","location":"１階　ロビー、２階　ホール","admissionFeeNote":null,"type":"ボトルディスペンサー型","sourceId":"tokyowater-drinking-stations"}},{"type":"Feature","geometry":{"type":"Point","coordinates":[139.81367,35.79188]},"properties":{"name":"総合スポーツセンター","address":"足立区東保木間２－２７－１","location":"１階、２階、３階","admissionFeeNote":null,"type":"ボトルディスペンサー型","sourceId":"tokyowater-drinking-stations"}},{"type":"Feature","geometry":{"type":"Point","coordinates":[139.79733,35.8036]},"properties":{"name":"スイムスポーツセンター","address":"足立区西保木間４－１０－１","location":"１階*2台、２階","admissionFeeNote":null,"type":"ボトルディスペンサー型","sourceId":"tokyowater-drinking-stations"}},{"type":"Feature","geometry":{"type":"Point","coordinates":[139.83334,35.77005]},"properties":{"name":"東綾瀬公園温水プール","address":"足立区東綾瀬３－４－１","location":"１階","admissionFeeNote":null,"type":"ボトルディスペンサー型","sourceId":"tokyowater-drinking-stations"}},{"type":"Feature","geometry":{"type":"Point","coordinates":[139.80147,35.75141]},"properties":{"name":"千住温水プール","address":"足立区千住３－３０","location":"地下1階","admissionFeeNote":null,"type":"ボトルディスペンサー型","sourceId":"tokyowater-drinking-stations"}},{"type":"Feature","geometry":{"type":"Point","coordinates":[139.85451,35.75014]},"properties":{"name":"青戸地区センター","address":"葛飾区青戸５－２０－６","location":"２・３・４階","admissionFeeNote":null,"type":"飲み口型","sourceId":"tokyowater-drinking-stations"}},{"type":"Feature","geometry":{"type":"Point","coordinates":[139.85678,35.75296]},"properties":{"name":"青戸中央憩い交流館","address":"葛飾区青戸６－１６－１２","location":"１階","admissionFeeNote":null,"type":"飲み口型","sourceId":"tokyowater-drinking-stations"}},{"type":"Feature","geometry":{"type":"Point","coordinates":[139.85204,35.75319]},"properties":{"name":"テクノプラザかつしか（葛飾区地域産業振興会館）","address":"葛飾区青戸７ー２ー１","location":"２階","admissionFeeNote":null,"type":"飲み口型","sourceId":"tokyowater-drinking-stations"}},{"type":"Feature","geometry":{"type":"Point","coordinates":[139.85399,35.7288]},"properties":{"name":"西奥戸憩い交流館","address":"葛飾区奥戸１－１２－１","location":"１階","admissionFeeNote":null,"type":"飲み口型","sourceId":"tokyowater-drinking-stations"}},{"type":"Feature","geometry":{"type":"Point","coordinates":[139.86189,35.73667]},"properties":{"name":"奥戸総合スポーツセンター体育館","address":"葛飾区奥戸７－１７－１","location":"１・２階","admissionFeeNote":null,"type":"飲み口型","sourceId":"tokyowater-drinking-stations"}},{"type":"Feature","geometry":{"type":"Point","coordinates":[139.84303,35.75652]},"properties":{"name":"亀有学び交流館","address":"葛飾区お花茶屋３－５－６","location":"１階","admissionFeeNote":null,"type":"飲み口型","sourceId":"tokyowater-drinking-stations"}},{"type":"Feature","geometry":{"type":"Point","coordinates":[139.86678,35.76581]},"properties":{"name":"末広憩い交流館","address":"葛飾区金町５－４－１","location":"１階","admissionFeeNote":null,"type":"飲み口型","sourceId":"tokyowater-drinking-stations"}},{"type":"Feature","geometry":{"type":"Point","coordinates":[139.87433,35.74531]},"properties":{"name":"鎌倉憩い交流館","address":"葛飾区鎌倉２－６－２０","location":"１階","admissionFeeNote":null,"type":"飲み口型","sourceId":"tokyowater-drinking-stations"}},{"type":"Feature","geometry":{"type":"Point","coordinates":[139.8242,35.75534]},"properties":{"name":"小菅憩い交流館","address":"葛飾区小菅３－６－１","location":"１階","admissionFeeNote":null,"type":"飲み口型","sourceId":"tokyowater-drinking-stations"}},{"type":"Feature","geometry":{"type":"Point","coordinates":[139.88097,35.75348]},"properties":{"name":"柴又学び交流館","address":"葛飾区柴又５－３３－８","location":"１・２・３階","admissionFeeNote":null,"type":"飲み口型","sourceId":"tokyowater-drinking-stations"}},{"type":"Feature","geometry":{"type":"Point","coordinates":[139.86179,35.71639]},"properties":{"name":"新小岩地区センター","address":"葛飾区新小岩２－１７－１","location":"２階","admissionFeeNote":null,"type":"飲み口型","sourceId":"tokyowater-drinking-stations"}},{"type":"Feature","geometry":{"type":"Point","coordinates":[139.85899,35.7588]},"properties":{"name":"新宿憩い交流館","address":"葛飾区新宿１－５－６","location":"１階","admissionFeeNote":null,"type":"飲み口型","sourceId":"tokyowater-drinking-stations"}},{"type":"Feature","geometry":{"type":"Point","coordinates":[139.86314,35.7413]},"properties":{"name":"奥戸総合スポーツセンター温水プール館","address":"葛飾区高砂１－２－１","location":"１・２階","admissionFeeNote":null,"type":"飲み口型","sourceId":"tokyowater-drinking-stations"}},{"type":"Feature","geometry":{"type":"Point","coordinates":[139.86765,35.74645]},"properties":{"name":"高砂地区センター","address":"葛飾区高砂３－１－３９","location":"１・２・３階","admissionFeeNote":null,"type":"飲み口型","sourceId":"tokyowater-drinking-stations"}},{"type":"Feature","geometry":{"type":"Point","coordinates":[139.83678,35.74017]},"properties":{"name":"四つ木地区センター","address":"葛飾区宝町１－１－２２","location":"１階","admissionFeeNote":null,"type":"飲み口型","sourceId":"tokyowater-drinking-stations"}},{"type":"Feature","geometry":{"type":"Point","coordinates":[139.8389,35.74743]},"properties":{"name":"宝町憩い交流館","address":"葛飾区宝町２－３８－１９","location":"１階","admissionFeeNote":null,"type":"飲み口型","sourceId":"tokyowater-drinking-stations"}},{"type":"Feature","geometry":{"type":"Point","coordinates":[139.85338,35.74125]},"properties":{"name":"水道局葛飾営業所","address":"葛飾区立石８－１７－４","location":"１階","admissionFeeNote":null,"type":"飲み口型","sourceId":"tokyowater-drinking-stations"}},{"type":"Feature","geometry":{"type":"Point","coordinates":[139.83699,35.75663]},"properties":{"name":"中道憩い交流館","address":"葛飾区西亀有１－２－７","location":"１階","admissionFeeNote":null,"type":"飲み口型","sourceId":"tokyowater-drinking-stations"}},{"type":"Feature","geometry":{"type":"Point","coordinates":[139.83818,35.76253]},"properties":{"name":"砂原憩い交流館","address":"葛飾区西亀有３－１２－１","location":"１階","admissionFeeNote":null,"type":"飲み口型","sourceId":"tokyowater-drinking-stations"}},{"type":"Feature","geometry":{"type":"Point","coordinates":[139.85118,35.71699]},"properties":{"name":"たつみ憩い交流館","address":"葛飾区西新小岩２－１－４","location":"１階","admissionFeeNote":null,"type":"飲み口型","sourceId":"tokyowater-drinking-stations"}},{"type":"Feature","geometry":{"type":"Point","coordinates":[139.87787,35.7794]},"properties":{"name":"東金町憩い交流館","address":"葛飾区東金町５－２２－１８","location":"１階","admissionFeeNote":null,"type":"飲み口型","sourceId":"tokyowater-drinking-stations"}},{"type":"Feature","geometry":{"type":"Point","coordinates":[139.85875,35.72446]},"properties":{"name":"新小岩北地区センター","address":"葛飾区東新小岩６－２１－１","location":"１階","admissionFeeNote":null,"type":"飲み口型","sourceId":"tokyowater-drinking-stations"}},{"type":"Feature","geometry":{"type":"Point","coordinates":[139.84779,35.73384]},"properties":{"name":"東立石地区センター","address":"葛飾区東立石２－１５－７","location":"１階","admissionFeeNote":null,"type":"飲み口型","sourceId":"tokyowater-drinking-stations"}},{"type":"Feature","geometry":{"type":"Point","coordinates":[139.84062,35.72883]},"properties":{"name":"東四つ木地区センター","address":"葛飾区東四つ木１－２０－４","location":"１階","admissionFeeNote":null,"type":"飲み口型","sourceId":"tokyowater-drinking-stations"}},{"type":"Feature","geometry":{"type":"Point","coordinates":[139.82971,35.74049]},"properties":{"name":"堀切憩い交流館","address":"葛飾区堀切１－２３－６","location":"１階","admissionFeeNote":null,"type":"飲み口型","sourceId":"tokyowater-drinking-stations"}},{"type":"Feature","geometry":{"type":"Point","coordinates":[139.82797,35.74746]},"properties":{"name":"堀切地区センター","address":"葛飾区堀切３－８－５","location":"１階","admissionFeeNote":null,"type":"飲み口型","sourceId":"tokyowater-drinking-stations"}},{"type":"Feature","geometry":{"type":"Point","coordinates":[139.85966,35.78151]},"properties":{"name":"水元総合スポーツセンター","address":"葛飾区水元１－２３－１","location":"１・２・３階・プール内","admissionFeeNote":"一部有料","type":"ボトルディスペンサー型・飲み口型","sourceId":"tokyowater-drinking-stations"}},{"type":"Feature","geometry":{"type":"Point","coordinates":[139.86028,35.78816]},"properties":{"name":"水元憩い交流館","address":"葛飾区水元４－６－１５","location":"１階","admissionFeeNote":null,"type":"飲み口型","sourceId":"tokyowater-drinking-stations"}},{"type":"Feature","geometry":{"type":"Point","coordinates":[139.85573,35.77944]},"properties":{"name":"水元学び交流館","address":"葛飾区南水元２－１３－１","location":"１・３階","admissionFeeNote":null,"type":"飲み口型","sourceId":"tokyowater-drinking-stations"}},{"type":"Feature","geometry":{"type":"Point","coordinates":[139.8829,35.69446]},"properties":{"name":"一之江コミュニティ会館","address":"江戸川区一之江２－６－１５","location":"１階","admissionFeeNote":null,"type":"飲み口型","sourceId":"tokyowater-drinking-stations"}},{"type":"Feature","geometry":{"type":"Point","coordinates":[139.88434,35.68967]},"properties":{"name":"共育プラザ一之江","address":"江戸川区一之江３－１３－７","location":"１・２階","admissionFeeNote":null,"type":"飲み口型","sourceId":"tokyowater-drinking-stations"}},{"type":"Feature","geometry":{"type":"Point","coordinates":[139.88194,35.68627]},"properties":{"name":"コミュニティプラザ一之江","address":"江戸川区一之江７－３５－２２","location":"４階","admissionFeeNote":null,"type":"飲み口型","sourceId":"tokyowater-drinking-stations"}},{"type":"Feature","geometry":{"type":"Point","coordinates":[139.8831,35.686]},"properties":{"name":"一之江駅（都営新宿線）","address":"江戸川区一之江８－１４－１　","location":"ホーム","admissionFeeNote":"有料","type":"飲み口型","sourceId":"tokyowater-drinking-stations"}},{"type":"Feature","geometry":{"type":"Point","coordinates":[139.90468,35.68612]},"properties":{"name":"東部図書館","address":"江戸川区江戸川２－３５－６","location":"１階エントランス","admissionFeeNote":null,"type":"飲み口型","sourceId":"tokyowater-drinking-stations"}},{"type":"Feature","geometry":{"type":"Point","coordinates":[139.89949,35.68604]},"properties":{"name":"江戸川コミュニティ会館","address":"江戸川区江戸川２－８","location":"１階","admissionFeeNote":null,"type":"飲み口型","sourceId":"tokyowater-drinking-stations"}},{"type":"Feature","geometry":{"type":"Point","coordinates":[139.88101,35.67704]},"properties":{"name":"二之江コミュニティ会館","address":"江戸川区江戸川６－４６","location":"１階ホール・２階","admissionFeeNote":null,"type":"飲み口型","sourceId":"tokyowater-drinking-stations"}},{"type":"Feature","geometry":{"type":"Point","coordinates":[139.87254,35.7253]},"properties":{"name":"上一色コミュニティセンター","address":"江戸川区上一色２－６－１０","location":"１階ロビー","admissionFeeNote":null,"type":"飲み口型","sourceId":"tokyowater-drinking-stations"}},{"type":"Feature","geometry":{"type":"Point","coordinates":[139.90123,35.70812]},"properties":{"name":"篠崎コミュニティ会館","address":"江戸川区上篠崎４－２１－８","location":"１・２階","admissionFeeNote":null,"type":"飲み口型","sourceId":"tokyowater-drinking-stations"}},{"type":"Feature","geometry":{"type":"Point","coordinates":[139.85735,35.67297]},"properties":{"name":"北葛西コミュニティ会館","address":"江戸川区北葛西２－１１－３９","location":"１階","admissionFeeNote":null,"type":"飲み口型","sourceId":"tokyowater-drinking-stations"}},{"type":"Feature","geometry":{"type":"Point","coordinates":[139.89247,35.7358]},"properties":{"name":"小岩アーバンプラザ","address":"江戸川区北小岩１－１７－１","location":"１階ロビー・３階ロビー","admissionFeeNote":null,"type":"飲み口型","sourceId":"tokyowater-drinking-stations"}},{"type":"Feature","geometry":{"type":"Point","coordinates":[139.88692,35.74212]},"properties":{"name":"北小岩コミュニティ会館","address":"江戸川区北小岩６－３５－１７","location":"１・２階ロビー","admissionFeeNote":null,"type":"飲み口型","sourceId":"tokyowater-drinking-stations"}},{"type":"Feature","geometry":{"type":"Point","coordinates":[139.84932,35.69702]},"properties":{"name":"小松川さくらホール","address":"江戸川区小松川３－６－３","location":"１・２・３・４・５階","admissionFeeNote":null,"type":"飲み口型","sourceId":"tokyowater-drinking-stations"}},{"type":"Feature","geometry":{"type":"Point","coordinates":[139.88974,35.70945]},"properties":{"name":"鹿骨区民館","address":"江戸川区鹿骨１－５４－２","location":"２階（ロビー・くつろぎの間）","admissionFeeNote":null,"type":"飲み口型","sourceId":"tokyowater-drinking-stations"}},{"type":"Feature","geometry":{"type":"Point","coordinates":[139.90289,35.7055]},"properties":{"name":"篠崎文化プラザ","address":"江戸川区篠崎町７－２０－１９","location":"３階","admissionFeeNote":null,"type":"飲み口型","sourceId":"tokyowater-drinking-stations"}},{"type":"Feature","geometry":{"type":"Point","coordinates":[139.90366,35.70583]},"properties":{"name":"篠崎駅（都営新宿線）","address":"江戸川区篠崎町７－２７－１","location":"ホーム","admissionFeeNote":"有料","type":"飲み口型","sourceId":"tokyowater-drinking-stations"}},{"type":"Feature","geometry":{"type":"Point","coordinates":[139.903706,35.70596]},"properties":{"name":"篠崎コミュニティホール","address":"江戸川区篠崎町７－２７－１\n交通会館篠崎ビル","location":"５階","admissionFeeNote":null,"type":"飲み口型","sourceId":"tokyowater-drinking-stations"}},{"type":"Feature","geometry":{"type":"Point","coordinates":[139.85655,35.65929]},"properties":{"name":"清新町コミュニティ会館","address":"江戸川区清新町１－２－２","location":"１階ロビー","admissionFeeNote":null,"type":"飲み口型","sourceId":"tokyowater-drinking-stations"}},{"type":"Feature","geometry":{"type":"Point","coordinates":[139.85237,35.65652]},"properties":{"name":"陸上競技場","address":"江戸川区清新町２－１－０","location":"ロビー","admissionFeeNote":null,"type":"ボトルディスペンサー型","sourceId":"tokyowater-drinking-stations"}},{"type":"Feature","geometry":{"type":"Point","coordinates":[139.86975,35.71046]},"properties":{"name":"中央図書館","address":"江戸川区中央３－１－３","location":"１・４階","admissionFeeNote":null,"type":"飲み口型","sourceId":"tokyowater-drinking-stations"}},{"type":"Feature","geometry":{"type":"Point","coordinates":[139.86815,35.71118]},"properties":{"name":"総合文化センター","address":"江戸川区中央４－１４－１","location":"１階","admissionFeeNote":null,"type":"飲み口型","sourceId":"tokyowater-drinking-stations"}},{"type":"Feature","geometry":{"type":"Point","coordinates":[139.86938,35.66589]},"properties":{"name":"葛西区民館","address":"江戸川区中葛西３－１０－１","location":"３階・４階ホール","admissionFeeNote":null,"type":"飲み口型","sourceId":"tokyowater-drinking-stations"}},{"type":"Feature","geometry":{"type":"Point","coordinates":[139.86659,35.65459]},"properties":{"name":"新田コミュニティ会館","address":"江戸川区中葛西７－１７－１","location":"１階ロビー","admissionFeeNote":null,"type":"飲み口型","sourceId":"tokyowater-drinking-stations"}},{"type":"Feature","geometry":{"type":"Point","coordinates":[139.8625,35.66786]},"properties":{"name":"スポーツセンター","address":"江戸川区西葛西４－２－２０","location":"１・２・３階","admissionFeeNote":null,"type":"ボトルディスペンサー型","sourceId":"tokyowater-drinking-stations"}},{"type":"Feature","geometry":{"type":"Point","coordinates":[139.86328,35.66536]},"properties":{"name":"西葛西図書館","address":"江戸川区西葛西５－１０－４７","location":"１階トイレ前","admissionFeeNote":null,"type":"飲み口型","sourceId":"tokyowater-drinking-stations"}},{"type":"Feature","geometry":{"type":"Point","coordinates":[139.85762,35.66176]},"properties":{"name":"江戸川区球場","address":"江戸川区西葛西７－２－１","location":"給湯室","admissionFeeNote":null,"type":"飲み口型","sourceId":"tokyowater-drinking-stations"}},{"type":"Feature","geometry":{"type":"Point","coordinates":[139.87991,35.73744]},"properties":{"name":"西小岩コミュニティ会館","address":"江戸川区西小岩４－３－２２","location":"１・２階ロビー","admissionFeeNote":null,"type":"飲み口型","sourceId":"tokyowater-drinking-stations"}},{"type":"Feature","geometry":{"type":"Point","coordinates":[139.89125,35.68649]},"properties":{"name":"瑞江コミュニティ会館","address":"江戸川区西瑞江３－１８－１","location":"１階","admissionFeeNote":null,"type":"飲み口型","sourceId":"tokyowater-drinking-stations"}},{"type":"Feature","geometry":{"type":"Point","coordinates":[139.8781,35.66584]},"properties":{"name":"長島桑川コミュニティ会館","address":"江戸川区東葛西５－３１－１８","location":"１・２・３階","admissionFeeNote":null,"type":"飲み口型","sourceId":"tokyowater-drinking-stations"}},{"type":"Feature","geometry":{"type":"Point","coordinates":[139.87964,35.65495]},"properties":{"name":"東葛西コミュニティ会館","address":"江戸川区東葛西８－２２－１","location":"１階ロビー・３階ロビー","admissionFeeNote":null,"type":"飲み口型","sourceId":"tokyowater-drinking-stations"}},{"type":"Feature","geometry":{"type":"Point","coordinates":[139.89027,35.7309]},"properties":{"name":"小岩図書館","address":"江戸川区東小岩３－６－９","location":"１・２・３・４階","admissionFeeNote":null,"type":"飲み口型","sourceId":"tokyowater-drinking-stations"}},{"type":"Feature","geometry":{"type":"Point","coordinates":[139.88773,35.73381]},"properties":{"name":"小岩区民館","address":"江戸川区東小岩６－９－１４","location":"１階事務所待合室,２～４階ロビー\"","admissionFeeNote":null,"type":"飲み口型","sourceId":"tokyowater-drinking-stations"}},{"type":"Feature","geometry":{"type":"Point","coordinates":[139.91699,35.69851]},"properties":{"name":"スポーツランド","address":"江戸川区東篠崎１－８－１","location":"１階ホール","admissionFeeNote":null,"type":"飲み口型","sourceId":"tokyowater-drinking-stations"}},{"type":"Feature","geometry":{"type":"Point","coordinates":[139.89966,35.68996]},"properties":{"name":"東部区民館","address":"江戸川区東瑞江１－１７－１","location":"１・２階","admissionFeeNote":null,"type":"飲み口型","sourceId":"tokyowater-drinking-stations"}},{"type":"Feature","geometry":{"type":"Point","coordinates":[139.85068,35.70172]},"properties":{"name":"小松川図書館","address":"江戸川区平井１－１１－２６","location":"階段踊り場（１～２階・２～３階）","admissionFeeNote":null,"type":"飲み口型","sourceId":"tokyowater-drinking-stations"}},{"type":"Feature","geometry":{"type":"Point","coordinates":[139.84763,35.70343]},"properties":{"name":"小松川区民館","address":"江戸川区平井４－１－１","location":"１・３階","admissionFeeNote":null,"type":"飲み口型","sourceId":"tokyowater-drinking-stations"}},{"type":"Feature","geometry":{"type":"Point","coordinates":[139.84821,35.70557]},"properties":{"name":"平井コミュニティ会館","address":"江戸川区平井４－１８－１０","location":"１階","admissionFeeNote":null,"type":"飲み口型","sourceId":"tokyowater-drinking-stations"}},{"type":"Feature","geometry":{"type":"Point","coordinates":[139.8398,35.71191]},"properties":{"name":"中平井コミュニティ会館","address":"江戸川区平井７－１－６","location":"１・２階","admissionFeeNote":null,"type":"飲み口型","sourceId":"tokyowater-drinking-stations"}},{"type":"Feature","geometry":{"type":"Point","coordinates":[139.86282,35.68642]},"properties":{"name":"船堀コミュニティ会館","address":"江戸川区船堀１－３－１","location":"２・３階","admissionFeeNote":null,"type":"飲み口型","sourceId":"tokyowater-drinking-stations"}},{"type":"Feature","geometry":{"type":"Point","coordinates":[139.86421,35.6838]},"properties":{"name":"船堀駅（都営新宿線）","address":"江戸川区船堀３－６－１","location":"ホーム","admissionFeeNote":"有料","type":"飲み口型","sourceId":"tokyowater-drinking-stations"}},{"type":"Feature","geometry":{"type":"Point","coordinates":[139.86491,35.68426]},"properties":{"name":"タワーホール船堀","address":"江戸川区船堀４－１－１","location":"１・２・３・４・５・６階","admissionFeeNote":null,"type":"飲み口型","sourceId":"tokyowater-drinking-stations"}},{"type":"Feature","geometry":{"type":"Point","coordinates":[139.86867,35.67561]},"properties":{"name":"新川さくら館","address":"江戸川区船堀７－１５－１２","location":"１階ロビー","admissionFeeNote":null,"type":"飲み口型","sourceId":"tokyowater-drinking-stations"}},{"type":"Feature","geometry":{"type":"Point","coordinates":[139.87079,35.69675]},"properties":{"name":"松江区民プラザ","address":"江戸川区松江２－１－１０","location":"１・２階","admissionFeeNote":null,"type":"飲み口型","sourceId":"tokyowater-drinking-stations"}},{"type":"Feature","geometry":{"type":"Point","coordinates":[139.86646,35.68794]},"properties":{"name":"水道局江戸川営業所","address":"江戸川区松江５－４－１２","location":"１階","admissionFeeNote":null,"type":"飲み口型","sourceId":"tokyowater-drinking-stations"}},{"type":"Feature","geometry":{"type":"Point","coordinates":[139.87265,35.69125]},"properties":{"name":"松江コミュニティ会館","address":"江戸川区松江７－５－１２","location":"１・３階","admissionFeeNote":null,"type":"飲み口型","sourceId":"tokyowater-drinking-stations"}},{"type":"Feature","geometry":{"type":"Point","coordinates":[139.86636,35.70605]},"properties":{"name":"グリーンパレス","address":"江戸川区松島１－３８－１","location":"新館２階ロビー・３階ロビー・４階ロビー","admissionFeeNote":null,"type":"飲み口型","sourceId":"tokyowater-drinking-stations"}},{"type":"Feature","geometry":{"type":"Point","coordinates":[139.87646,35.71758]},"properties":{"name":"総合体育館","address":"江戸川区松本１－３５－１","location":"体育棟１・２階・プール棟１階・アーチェリー場１階","admissionFeeNote":null,"type":"飲み口型","sourceId":"tokyowater-drinking-stations"}},{"type":"Feature","geometry":{"type":"Point","coordinates":[139.89775,35.69334]},"properties":{"name":"瑞江駅（都営新宿線）","address":"江戸川区瑞江２－２－１","location":"ホーム","admissionFeeNote":"有料","type":"飲み口型","sourceId":"tokyowater-drinking-stations"}},{"type":"Feature","geometry":{"type":"Point","coordinates":[139.89775,35.69398]},"properties":{"name":"東部フレンドホール","address":"江戸川区瑞江２－５－７","location":"４・５階","admissionFeeNote":null,"type":"飲み口型","sourceId":"tokyowater-drinking-stations"}},{"type":"Feature","geometry":{"type":"Point","coordinates":[139.87605,35.64637]},"properties":{"name":"南葛西会館","address":"江戸川区南葛西６－８－９","location":"１・４階","admissionFeeNote":null,"type":"飲み口型","sourceId":"tokyowater-drinking-stations"}},{"type":"Feature","geometry":{"type":"Point","coordinates":[139.88177,35.73029]},"properties":{"name":"南小岩コミュニティ会館","address":"江戸川区南小岩７－１７－１０","location":"１・２階ロビー","admissionFeeNote":null,"type":"飲み口型","sourceId":"tokyowater-drinking-stations"}},{"type":"Feature","geometry":{"type":"Point","coordinates":[139.85205,35.64995]},"properties":{"name":"臨海球技場","address":"江戸川区臨海町１－１－２","location":"管理棟横通路","admissionFeeNote":null,"type":"飲み口型","sourceId":"tokyowater-drinking-stations"}},{"type":"Feature","geometry":{"type":"Point","coordinates":[139.8606,35.65218]},"properties":{"name":"臨海町コミュニティ会館","address":"江戸川区臨海町２－２－９","location":"１階","admissionFeeNote":null,"type":"飲み口型","sourceId":"tokyowater-drinking-stations"}},{"type":"Feature","geometry":{"type":"Point","coordinates":[139.55949,35.6842]},"properties":{"name":"三鷹市教育センター","address":"三鷹市下連雀９-１１-7","location":"地下１階、１階、２階、３階","admissionFeeNote":null,"type":"飲み口型","sourceId":"tokyowater-drinking-stations"}},{"type":"Feature","geometry":{"type":"Point","coordinates":[139.55942,35.68326]},"properties":{"name":"公会堂","address":"三鷹市野崎１－１－１","location":"ホールホワイエ","admissionFeeNote":"催しにより有料","type":"飲み口型","sourceId":"tokyowater-drinking-stations"}},{"type":"Feature","geometry":{"type":"Point","coordinates":[139.55942,35.68326]},"properties":{"name":"公会堂さんさん館","address":"三鷹市野崎１－１－１","location":"１・２・３・４階","admissionFeeNote":null,"type":"飲み口型","sourceId":"tokyowater-drinking-stations"}},{"type":"Feature","geometry":{"type":"Point","coordinates":[139.55942,35.68326]},"properties":{"name":"三鷹市役所本庁舎","address":"三鷹市野崎１－１－１","location":"１階おくやみ窓口・３階議場棟横・４階休憩室・５階文書庫前","admissionFeeNote":null,"type":"飲み口型","sourceId":"tokyowater-drinking-stations"}},{"type":"Feature","geometry":{"type":"Point","coordinates":[139.55942,35.68326]},"properties":{"name":"三鷹市役所第二庁舎","address":"三鷹市野崎１－１－１","location":"１階ホール・２階休憩室・３階休憩室","admissionFeeNote":null,"type":"飲み口型","sourceId":"tokyowater-drinking-stations"}},{"type":"Feature","geometry":{"type":"Point","coordinates":[139.55942,35.68326]},"properties":{"name":"三鷹市役所第三庁舎","address":"三鷹市野崎１－１－１","location":"廊下","admissionFeeNote":null,"type":"飲み口型","sourceId":"tokyowater-drinking-stations"}},{"type":"Feature","geometry":{"type":"Point","coordinates":[139.56218,35.68187]},"properties":{"name":"三鷹中央防災公園・元気創造プラザ","address":"三鷹市新川６－３７－１","location":"スポーツセンター：地下２階、地下１階、１階,\nプラザ：２階、３階、４階、５階\"","admissionFeeNote":null,"type":"飲み口型","sourceId":"tokyowater-drinking-stations"}},{"type":"Feature","geometry":{"type":"Point","coordinates":[139.56201,35.70187]},"properties":{"name":"三鷹ネットワーク大学","address":"三鷹市下連雀３－２４－３　三鷹駅前協同ビル","location":"３階","admissionFeeNote":null,"type":"ボトルディスペンサー型・飲み口型","sourceId":"tokyowater-drinking-stations"}},{"type":"Feature","geometry":{"type":"Point","coordinates":[139.56631,35.65739]},"properties":{"name":"菊野台地域福祉センター","address":"調布市菊野台１－３８－１","location":"１階廊下","admissionFeeNote":null,"type":"飲み口型","sourceId":"tokyowater-drinking-stations"}},{"type":"Feature","geometry":{"type":"Point","coordinates":[139.57129,35.65785]},"properties":{"name":"神代出張所","address":"調布市西つつじケ丘３－１９－１","location":"１階入口","admissionFeeNote":null,"type":"飲み口型","sourceId":"tokyowater-drinking-stations"}},{"type":"Feature","geometry":{"type":"Point","coordinates":[139.57884,35.65099]},"properties":{"name":"金子地域福祉センター","address":"調布市西つつじヶ丘４－４３－３","location":"１階廊下","admissionFeeNote":null,"type":"飲み口型","sourceId":"tokyowater-drinking-stations"}},{"type":"Feature","geometry":{"type":"Point","coordinates":[139.58388,35.66941]},"properties":{"name":"緑ケ丘地域福祉センター","address":"調布市緑ケ丘２－１８－４９","location":"玄関ホール","admissionFeeNote":null,"type":"飲み口型","sourceId":"tokyowater-drinking-stations"}},{"type":"Feature","geometry":{"type":"Point","coordinates":[139.58328,35.65791]},"properties":{"name":"調布市東部公民館","address":"調布市若葉町１－２９－２１","location":"２階玄関外","admissionFeeNote":null,"type":"飲み口型","sourceId":"tokyowater-drinking-stations"}},{"type":"Feature","geometry":{"type":"Point","coordinates":[139.57837,35.63494]},"properties":{"name":"狛江市役所","address":"狛江市和泉本町１－１－５","location":"２・３階","admissionFeeNote":null,"type":"飲み口型","sourceId":"tokyowater-drinking-stations"}},{"type":"Feature","geometry":{"type":"Point","coordinates":[139.56754,35.64428]},"properties":{"name":"上和泉地域センター","address":"狛江市和泉本町４－７－５１","location":"１階","admissionFeeNote":null,"type":"飲み口型","sourceId":"tokyowater-drinking-stations"}},{"type":"Feature","geometry":{"type":"Point","coordinates":[139.57993,35.62334]},"properties":{"name":"南部地域センター","address":"狛江市猪方４－１１－１","location":"１階","admissionFeeNote":null,"type":"飲み口型","sourceId":"tokyowater-drinking-stations"}},{"type":"Feature","geometry":{"type":"Point","coordinates":[139.58633,35.63198]},"properties":{"name":"岩戸地域センター","address":"狛江市岩戸南２－２－５","location":"１階","admissionFeeNote":null,"type":"飲み口型","sourceId":"tokyowater-drinking-stations"}}]}